owner,repo,login,id,node_id,gravatar_id,url,type,site_admin,contributions,avatar_url,html_url,followers_url,following_url,gists_url,starred_url,subscriptions_url,organizations_url,repos_url,events_url,received_events_url
mashlol,notify,mashlol,1039240,MDQ6VXNlcjEwMzkyNDA=,,https://api.github.com/users/mashlol,User,FALSE,42,https://avatars.githubusercontent.com/u/1039240?v=4,https://github.com/mashlol,https://api.github.com/users/mashlol/followers,https://api.github.com/users/mashlol/following{/other_user},https://api.github.com/users/mashlol/gists{/gist_id},https://api.github.com/users/mashlol/starred{/owner}{/repo},https://api.github.com/users/mashlol/subscriptions,https://api.github.com/users/mashlol/orgs,https://api.github.com/users/mashlol/repos,https://api.github.com/users/mashlol/events{/privacy},https://api.github.com/users/mashlol/received_events
mashlol,notify,MichelBahl,11231563,MDQ6VXNlcjExMjMxNTYz,,https://api.github.com/users/MichelBahl,User,FALSE,3,https://avatars.githubusercontent.com/u/11231563?v=4,https://github.com/MichelBahl,https://api.github.com/users/MichelBahl/followers,https://api.github.com/users/MichelBahl/following{/other_user},https://api.github.com/users/MichelBahl/gists{/gist_id},https://api.github.com/users/MichelBahl/starred{/owner}{/repo},https://api.github.com/users/MichelBahl/subscriptions,https://api.github.com/users/MichelBahl/orgs,https://api.github.com/users/MichelBahl/repos,https://api.github.com/users/MichelBahl/events{/privacy},https://api.github.com/users/MichelBahl/received_events
mashlol,notify,otanim,7108843,MDQ6VXNlcjcxMDg4NDM=,,https://api.github.com/users/otanim,User,FALSE,2,https://avatars.githubusercontent.com/u/7108843?v=4,https://github.com/otanim,https://api.github.com/users/otanim/followers,https://api.github.com/users/otanim/following{/other_user},https://api.github.com/users/otanim/gists{/gist_id},https://api.github.com/users/otanim/starred{/owner}{/repo},https://api.github.com/users/otanim/subscriptions,https://api.github.com/users/otanim/orgs,https://api.github.com/users/otanim/repos,https://api.github.com/users/otanim/events{/privacy},https://api.github.com/users/otanim/received_events
mashlol,notify,mlesniew,5731555,MDQ6VXNlcjU3MzE1NTU=,,https://api.github.com/users/mlesniew,User,FALSE,2,https://avatars.githubusercontent.com/u/5731555?v=4,https://github.com/mlesniew,https://api.github.com/users/mlesniew/followers,https://api.github.com/users/mlesniew/following{/other_user},https://api.github.com/users/mlesniew/gists{/gist_id},https://api.github.com/users/mlesniew/starred{/owner}{/repo},https://api.github.com/users/mlesniew/subscriptions,https://api.github.com/users/mlesniew/orgs,https://api.github.com/users/mlesniew/repos,https://api.github.com/users/mlesniew/events{/privacy},https://api.github.com/users/mlesniew/received_events
mashlol,notify,szpeter80,10251417,MDQ6VXNlcjEwMjUxNDE3,,https://api.github.com/users/szpeter80,User,FALSE,2,https://avatars.githubusercontent.com/u/10251417?v=4,https://github.com/szpeter80,https://api.github.com/users/szpeter80/followers,https://api.github.com/users/szpeter80/following{/other_user},https://api.github.com/users/szpeter80/gists{/gist_id},https://api.github.com/users/szpeter80/starred{/owner}{/repo},https://api.github.com/users/szpeter80/subscriptions,https://api.github.com/users/szpeter80/orgs,https://api.github.com/users/szpeter80/repos,https://api.github.com/users/szpeter80/events{/privacy},https://api.github.com/users/szpeter80/received_events
mashlol,notify,adlane,80726,MDQ6VXNlcjgwNzI2,,https://api.github.com/users/adlane,User,FALSE,1,https://avatars.githubusercontent.com/u/80726?v=4,https://github.com/adlane,https://api.github.com/users/adlane/followers,https://api.github.com/users/adlane/following{/other_user},https://api.github.com/users/adlane/gists{/gist_id},https://api.github.com/users/adlane/starred{/owner}{/repo},https://api.github.com/users/adlane/subscriptions,https://api.github.com/users/adlane/orgs,https://api.github.com/users/adlane/repos,https://api.github.com/users/adlane/events{/privacy},https://api.github.com/users/adlane/received_events
mashlol,notify,giorger,3390517,MDQ6VXNlcjMzOTA1MTc=,,https://api.github.com/users/giorger,User,FALSE,1,https://avatars.githubusercontent.com/u/3390517?v=4,https://github.com/giorger,https://api.github.com/users/giorger/followers,https://api.github.com/users/giorger/following{/other_user},https://api.github.com/users/giorger/gists{/gist_id},https://api.github.com/users/giorger/starred{/owner}{/repo},https://api.github.com/users/giorger/subscriptions,https://api.github.com/users/giorger/orgs,https://api.github.com/users/giorger/repos,https://api.github.com/users/giorger/events{/privacy},https://api.github.com/users/giorger/received_events
mashlol,notify,michaelkebe,74952,MDQ6VXNlcjc0OTUy,,https://api.github.com/users/michaelkebe,User,FALSE,1,https://avatars.githubusercontent.com/u/74952?v=4,https://github.com/michaelkebe,https://api.github.com/users/michaelkebe/followers,https://api.github.com/users/michaelkebe/following{/other_user},https://api.github.com/users/michaelkebe/gists{/gist_id},https://api.github.com/users/michaelkebe/starred{/owner}{/repo},https://api.github.com/users/michaelkebe/subscriptions,https://api.github.com/users/michaelkebe/orgs,https://api.github.com/users/michaelkebe/repos,https://api.github.com/users/michaelkebe/events{/privacy},https://api.github.com/users/michaelkebe/received_events
mashlol,notify,mikafouenski,11093325,MDQ6VXNlcjExMDkzMzI1,,https://api.github.com/users/mikafouenski,User,FALSE,1,https://avatars.githubusercontent.com/u/11093325?v=4,https://github.com/mikafouenski,https://api.github.com/users/mikafouenski/followers,https://api.github.com/users/mikafouenski/following{/other_user},https://api.github.com/users/mikafouenski/gists{/gist_id},https://api.github.com/users/mikafouenski/starred{/owner}{/repo},https://api.github.com/users/mikafouenski/subscriptions,https://api.github.com/users/mikafouenski/orgs,https://api.github.com/users/mikafouenski/repos,https://api.github.com/users/mikafouenski/events{/privacy},https://api.github.com/users/mikafouenski/received_events
mashlol,notify,ptdev,1280528,MDQ6VXNlcjEyODA1Mjg=,,https://api.github.com/users/ptdev,User,FALSE,1,https://avatars.githubusercontent.com/u/1280528?v=4,https://github.com/ptdev,https://api.github.com/users/ptdev/followers,https://api.github.com/users/ptdev/following{/other_user},https://api.github.com/users/ptdev/gists{/gist_id},https://api.github.com/users/ptdev/starred{/owner}{/repo},https://api.github.com/users/ptdev/subscriptions,https://api.github.com/users/ptdev/orgs,https://api.github.com/users/ptdev/repos,https://api.github.com/users/ptdev/events{/privacy},https://api.github.com/users/ptdev/received_events
mpark,variant,mpark,2275240,MDQ6VXNlcjIyNzUyNDA=,,https://api.github.com/users/mpark,User,FALSE,441,https://avatars.githubusercontent.com/u/2275240?v=4,https://github.com/mpark,https://api.github.com/users/mpark/followers,https://api.github.com/users/mpark/following{/other_user},https://api.github.com/users/mpark/gists{/gist_id},https://api.github.com/users/mpark/starred{/owner}{/repo},https://api.github.com/users/mpark/subscriptions,https://api.github.com/users/mpark/orgs,https://api.github.com/users/mpark/repos,https://api.github.com/users/mpark/events{/privacy},https://api.github.com/users/mpark/received_events
mpark,variant,ax3l,1353258,MDQ6VXNlcjEzNTMyNTg=,,https://api.github.com/users/ax3l,User,FALSE,1,https://avatars.githubusercontent.com/u/1353258?v=4,https://github.com/ax3l,https://api.github.com/users/ax3l/followers,https://api.github.com/users/ax3l/following{/other_user},https://api.github.com/users/ax3l/gists{/gist_id},https://api.github.com/users/ax3l/starred{/owner}{/repo},https://api.github.com/users/ax3l/subscriptions,https://api.github.com/users/ax3l/orgs,https://api.github.com/users/ax3l/repos,https://api.github.com/users/ax3l/events{/privacy},https://api.github.com/users/ax3l/received_events
mpark,variant,elelel,7010116,MDQ6VXNlcjcwMTAxMTY=,,https://api.github.com/users/elelel,User,FALSE,1,https://avatars.githubusercontent.com/u/7010116?v=4,https://github.com/elelel,https://api.github.com/users/elelel/followers,https://api.github.com/users/elelel/following{/other_user},https://api.github.com/users/elelel/gists{/gist_id},https://api.github.com/users/elelel/starred{/owner}{/repo},https://api.github.com/users/elelel/subscriptions,https://api.github.com/users/elelel/orgs,https://api.github.com/users/elelel/repos,https://api.github.com/users/elelel/events{/privacy},https://api.github.com/users/elelel/received_events
mpark,variant,gridley,18088906,MDQ6VXNlcjE4MDg4OTA2,,https://api.github.com/users/gridley,User,FALSE,1,https://avatars.githubusercontent.com/u/18088906?v=4,https://github.com/gridley,https://api.github.com/users/gridley/followers,https://api.github.com/users/gridley/following{/other_user},https://api.github.com/users/gridley/gists{/gist_id},https://api.github.com/users/gridley/starred{/owner}{/repo},https://api.github.com/users/gridley/subscriptions,https://api.github.com/users/gridley/orgs,https://api.github.com/users/gridley/repos,https://api.github.com/users/gridley/events{/privacy},https://api.github.com/users/gridley/received_events
mpark,variant,tammar96,3913790,MDQ6VXNlcjM5MTM3OTA=,,https://api.github.com/users/tammar96,User,FALSE,1,https://avatars.githubusercontent.com/u/3913790?v=4,https://github.com/tammar96,https://api.github.com/users/tammar96/followers,https://api.github.com/users/tammar96/following{/other_user},https://api.github.com/users/tammar96/gists{/gist_id},https://api.github.com/users/tammar96/starred{/owner}{/repo},https://api.github.com/users/tammar96/subscriptions,https://api.github.com/users/tammar96/orgs,https://api.github.com/users/tammar96/repos,https://api.github.com/users/tammar96/events{/privacy},https://api.github.com/users/tammar96/received_events
mpark,variant,mrkline,493463,MDQ6VXNlcjQ5MzQ2Mw==,,https://api.github.com/users/mrkline,User,FALSE,1,https://avatars.githubusercontent.com/u/493463?v=4,https://github.com/mrkline,https://api.github.com/users/mrkline/followers,https://api.github.com/users/mrkline/following{/other_user},https://api.github.com/users/mrkline/gists{/gist_id},https://api.github.com/users/mrkline/starred{/owner}{/repo},https://api.github.com/users/mrkline/subscriptions,https://api.github.com/users/mrkline/orgs,https://api.github.com/users/mrkline/repos,https://api.github.com/users/mrkline/events{/privacy},https://api.github.com/users/mrkline/received_events
mpark,variant,tcbrindle,3750068,MDQ6VXNlcjM3NTAwNjg=,,https://api.github.com/users/tcbrindle,User,FALSE,1,https://avatars.githubusercontent.com/u/3750068?v=4,https://github.com/tcbrindle,https://api.github.com/users/tcbrindle/followers,https://api.github.com/users/tcbrindle/following{/other_user},https://api.github.com/users/tcbrindle/gists{/gist_id},https://api.github.com/users/tcbrindle/starred{/owner}{/repo},https://api.github.com/users/tcbrindle/subscriptions,https://api.github.com/users/tcbrindle/orgs,https://api.github.com/users/tcbrindle/repos,https://api.github.com/users/tcbrindle/events{/privacy},https://api.github.com/users/tcbrindle/received_events
mpark,variant,sieren,5174440,MDQ6VXNlcjUxNzQ0NDA=,,https://api.github.com/users/sieren,User,FALSE,1,https://avatars.githubusercontent.com/u/5174440?v=4,https://github.com/sieren,https://api.github.com/users/sieren/followers,https://api.github.com/users/sieren/following{/other_user},https://api.github.com/users/sieren/gists{/gist_id},https://api.github.com/users/sieren/starred{/owner}{/repo},https://api.github.com/users/sieren/subscriptions,https://api.github.com/users/sieren/orgs,https://api.github.com/users/sieren/repos,https://api.github.com/users/sieren/events{/privacy},https://api.github.com/users/sieren/received_events
passy,build-time-tracker-plugin,passy,9906,MDQ6VXNlcjk5MDY=,,https://api.github.com/users/passy,User,FALSE,172,https://avatars.githubusercontent.com/u/9906?v=4,https://github.com/passy,https://api.github.com/users/passy/followers,https://api.github.com/users/passy/following{/other_user},https://api.github.com/users/passy/gists{/gist_id},https://api.github.com/users/passy/starred{/owner}{/repo},https://api.github.com/users/passy/subscriptions,https://api.github.com/users/passy/orgs,https://api.github.com/users/passy/repos,https://api.github.com/users/passy/events{/privacy},https://api.github.com/users/passy/received_events
passy,build-time-tracker-plugin,daithiocrualaoich,62836,MDQ6VXNlcjYyODM2,,https://api.github.com/users/daithiocrualaoich,User,FALSE,24,https://avatars.githubusercontent.com/u/62836?v=4,https://github.com/daithiocrualaoich,https://api.github.com/users/daithiocrualaoich/followers,https://api.github.com/users/daithiocrualaoich/following{/other_user},https://api.github.com/users/daithiocrualaoich/gists{/gist_id},https://api.github.com/users/daithiocrualaoich/starred{/owner}{/repo},https://api.github.com/users/daithiocrualaoich/subscriptions,https://api.github.com/users/daithiocrualaoich/orgs,https://api.github.com/users/daithiocrualaoich/repos,https://api.github.com/users/daithiocrualaoich/events{/privacy},https://api.github.com/users/daithiocrualaoich/received_events
passy,build-time-tracker-plugin,LiYing2010,4538363,MDQ6VXNlcjQ1MzgzNjM=,,https://api.github.com/users/LiYing2010,User,FALSE,3,https://avatars.githubusercontent.com/u/4538363?v=4,https://github.com/LiYing2010,https://api.github.com/users/LiYing2010/followers,https://api.github.com/users/LiYing2010/following{/other_user},https://api.github.com/users/LiYing2010/gists{/gist_id},https://api.github.com/users/LiYing2010/starred{/owner}{/repo},https://api.github.com/users/LiYing2010/subscriptions,https://api.github.com/users/LiYing2010/orgs,https://api.github.com/users/LiYing2010/repos,https://api.github.com/users/LiYing2010/events{/privacy},https://api.github.com/users/LiYing2010/received_events
passy,build-time-tracker-plugin,sindresorhus,170270,MDQ6VXNlcjE3MDI3MA==,,https://api.github.com/users/sindresorhus,User,FALSE,2,https://avatars.githubusercontent.com/u/170270?v=4,https://github.com/sindresorhus,https://api.github.com/users/sindresorhus/followers,https://api.github.com/users/sindresorhus/following{/other_user},https://api.github.com/users/sindresorhus/gists{/gist_id},https://api.github.com/users/sindresorhus/starred{/owner}{/repo},https://api.github.com/users/sindresorhus/subscriptions,https://api.github.com/users/sindresorhus/orgs,https://api.github.com/users/sindresorhus/repos,https://api.github.com/users/sindresorhus/events{/privacy},https://api.github.com/users/sindresorhus/received_events
passy,build-time-tracker-plugin,adamdougal,1589887,MDQ6VXNlcjE1ODk4ODc=,,https://api.github.com/users/adamdougal,User,FALSE,1,https://avatars.githubusercontent.com/u/1589887?v=4,https://github.com/adamdougal,https://api.github.com/users/adamdougal/followers,https://api.github.com/users/adamdougal/following{/other_user},https://api.github.com/users/adamdougal/gists{/gist_id},https://api.github.com/users/adamdougal/starred{/owner}{/repo},https://api.github.com/users/adamdougal/subscriptions,https://api.github.com/users/adamdougal/orgs,https://api.github.com/users/adamdougal/repos,https://api.github.com/users/adamdougal/events{/privacy},https://api.github.com/users/adamdougal/received_events
passy,build-time-tracker-plugin,BWMuller,5011137,MDQ6VXNlcjUwMTExMzc=,,https://api.github.com/users/BWMuller,User,FALSE,1,https://avatars.githubusercontent.com/u/5011137?v=4,https://github.com/BWMuller,https://api.github.com/users/BWMuller/followers,https://api.github.com/users/BWMuller/following{/other_user},https://api.github.com/users/BWMuller/gists{/gist_id},https://api.github.com/users/BWMuller/starred{/owner}{/repo},https://api.github.com/users/BWMuller/subscriptions,https://api.github.com/users/BWMuller/orgs,https://api.github.com/users/BWMuller/repos,https://api.github.com/users/BWMuller/events{/privacy},https://api.github.com/users/BWMuller/received_events
passy,build-time-tracker-plugin,flozano,1159291,MDQ6VXNlcjExNTkyOTE=,,https://api.github.com/users/flozano,User,FALSE,1,https://avatars.githubusercontent.com/u/1159291?v=4,https://github.com/flozano,https://api.github.com/users/flozano/followers,https://api.github.com/users/flozano/following{/other_user},https://api.github.com/users/flozano/gists{/gist_id},https://api.github.com/users/flozano/starred{/owner}{/repo},https://api.github.com/users/flozano/subscriptions,https://api.github.com/users/flozano/orgs,https://api.github.com/users/flozano/repos,https://api.github.com/users/flozano/events{/privacy},https://api.github.com/users/flozano/received_events
passy,build-time-tracker-plugin,ghostbuster91,5662622,MDQ6VXNlcjU2NjI2MjI=,,https://api.github.com/users/ghostbuster91,User,FALSE,1,https://avatars.githubusercontent.com/u/5662622?v=4,https://github.com/ghostbuster91,https://api.github.com/users/ghostbuster91/followers,https://api.github.com/users/ghostbuster91/following{/other_user},https://api.github.com/users/ghostbuster91/gists{/gist_id},https://api.github.com/users/ghostbuster91/starred{/owner}{/repo},https://api.github.com/users/ghostbuster91/subscriptions,https://api.github.com/users/ghostbuster91/orgs,https://api.github.com/users/ghostbuster91/repos,https://api.github.com/users/ghostbuster91/events{/privacy},https://api.github.com/users/ghostbuster91/received_events
passy,build-time-tracker-plugin,bitsetd4d,15140526,MDQ6VXNlcjE1MTQwNTI2,,https://api.github.com/users/bitsetd4d,User,FALSE,1,https://avatars.githubusercontent.com/u/15140526?v=4,https://github.com/bitsetd4d,https://api.github.com/users/bitsetd4d/followers,https://api.github.com/users/bitsetd4d/following{/other_user},https://api.github.com/users/bitsetd4d/gists{/gist_id},https://api.github.com/users/bitsetd4d/starred{/owner}{/repo},https://api.github.com/users/bitsetd4d/subscriptions,https://api.github.com/users/bitsetd4d/orgs,https://api.github.com/users/bitsetd4d/repos,https://api.github.com/users/bitsetd4d/events{/privacy},https://api.github.com/users/bitsetd4d/received_events
passy,build-time-tracker-plugin,prageethintuit,42003708,MDQ6VXNlcjQyMDAzNzA4,,https://api.github.com/users/prageethintuit,User,FALSE,1,https://avatars.githubusercontent.com/u/42003708?v=4,https://github.com/prageethintuit,https://api.github.com/users/prageethintuit/followers,https://api.github.com/users/prageethintuit/following{/other_user},https://api.github.com/users/prageethintuit/gists{/gist_id},https://api.github.com/users/prageethintuit/starred{/owner}{/repo},https://api.github.com/users/prageethintuit/subscriptions,https://api.github.com/users/prageethintuit/orgs,https://api.github.com/users/prageethintuit/repos,https://api.github.com/users/prageethintuit/events{/privacy},https://api.github.com/users/prageethintuit/received_events
passy,build-time-tracker-plugin,sadheeshv,19383628,MDQ6VXNlcjE5MzgzNjI4,,https://api.github.com/users/sadheeshv,User,FALSE,1,https://avatars.githubusercontent.com/u/19383628?v=4,https://github.com/sadheeshv,https://api.github.com/users/sadheeshv/followers,https://api.github.com/users/sadheeshv/following{/other_user},https://api.github.com/users/sadheeshv/gists{/gist_id},https://api.github.com/users/sadheeshv/starred{/owner}{/repo},https://api.github.com/users/sadheeshv/subscriptions,https://api.github.com/users/sadheeshv/orgs,https://api.github.com/users/sadheeshv/repos,https://api.github.com/users/sadheeshv/events{/privacy},https://api.github.com/users/sadheeshv/received_events
nsomar,OAStackView,nsomar,1461052,MDQ6VXNlcjE0NjEwNTI=,,https://api.github.com/users/nsomar,User,FALSE,34,https://avatars.githubusercontent.com/u/1461052?v=4,https://github.com/nsomar,https://api.github.com/users/nsomar/followers,https://api.github.com/users/nsomar/following{/other_user},https://api.github.com/users/nsomar/gists{/gist_id},https://api.github.com/users/nsomar/starred{/owner}{/repo},https://api.github.com/users/nsomar/subscriptions,https://api.github.com/users/nsomar/orgs,https://api.github.com/users/nsomar/repos,https://api.github.com/users/nsomar/events{/privacy},https://api.github.com/users/nsomar/received_events
nsomar,OAStackView,delebedev,829783,MDQ6VXNlcjgyOTc4Mw==,,https://api.github.com/users/delebedev,User,FALSE,21,https://avatars.githubusercontent.com/u/829783?v=4,https://github.com/delebedev,https://api.github.com/users/delebedev/followers,https://api.github.com/users/delebedev/following{/other_user},https://api.github.com/users/delebedev/gists{/gist_id},https://api.github.com/users/delebedev/starred{/owner}{/repo},https://api.github.com/users/delebedev/subscriptions,https://api.github.com/users/delebedev/orgs,https://api.github.com/users/delebedev/repos,https://api.github.com/users/delebedev/events{/privacy},https://api.github.com/users/delebedev/received_events
nsomar,OAStackView,joemasilotti,2092156,MDQ6VXNlcjIwOTIxNTY=,,https://api.github.com/users/joemasilotti,User,FALSE,9,https://avatars.githubusercontent.com/u/2092156?v=4,https://github.com/joemasilotti,https://api.github.com/users/joemasilotti/followers,https://api.github.com/users/joemasilotti/following{/other_user},https://api.github.com/users/joemasilotti/gists{/gist_id},https://api.github.com/users/joemasilotti/starred{/owner}{/repo},https://api.github.com/users/joemasilotti/subscriptions,https://api.github.com/users/joemasilotti/orgs,https://api.github.com/users/joemasilotti/repos,https://api.github.com/users/joemasilotti/events{/privacy},https://api.github.com/users/joemasilotti/received_events
nsomar,OAStackView,jamieQ,2119834,MDQ6VXNlcjIxMTk4MzQ=,,https://api.github.com/users/jamieQ,User,FALSE,6,https://avatars.githubusercontent.com/u/2119834?v=4,https://github.com/jamieQ,https://api.github.com/users/jamieQ/followers,https://api.github.com/users/jamieQ/following{/other_user},https://api.github.com/users/jamieQ/gists{/gist_id},https://api.github.com/users/jamieQ/starred{/owner}{/repo},https://api.github.com/users/jamieQ/subscriptions,https://api.github.com/users/jamieQ/orgs,https://api.github.com/users/jamieQ/repos,https://api.github.com/users/jamieQ/events{/privacy},https://api.github.com/users/jamieQ/received_events
nsomar,OAStackView,mattiasjahnke-pp,59649878,MDQ6VXNlcjU5NjQ5ODc4,,https://api.github.com/users/mattiasjahnke-pp,User,FALSE,6,https://avatars.githubusercontent.com/u/59649878?v=4,https://github.com/mattiasjahnke-pp,https://api.github.com/users/mattiasjahnke-pp/followers,https://api.github.com/users/mattiasjahnke-pp/following{/other_user},https://api.github.com/users/mattiasjahnke-pp/gists{/gist_id},https://api.github.com/users/mattiasjahnke-pp/starred{/owner}{/repo},https://api.github.com/users/mattiasjahnke-pp/subscriptions,https://api.github.com/users/mattiasjahnke-pp/orgs,https://api.github.com/users/mattiasjahnke-pp/repos,https://api.github.com/users/mattiasjahnke-pp/events{/privacy},https://api.github.com/users/mattiasjahnke-pp/received_events
nsomar,OAStackView,cabeca,71881,MDQ6VXNlcjcxODgx,,https://api.github.com/users/cabeca,User,FALSE,5,https://avatars.githubusercontent.com/u/71881?v=4,https://github.com/cabeca,https://api.github.com/users/cabeca/followers,https://api.github.com/users/cabeca/following{/other_user},https://api.github.com/users/cabeca/gists{/gist_id},https://api.github.com/users/cabeca/starred{/owner}{/repo},https://api.github.com/users/cabeca/subscriptions,https://api.github.com/users/cabeca/orgs,https://api.github.com/users/cabeca/repos,https://api.github.com/users/cabeca/events{/privacy},https://api.github.com/users/cabeca/received_events
nsomar,OAStackView,assafgelber,2394509,MDQ6VXNlcjIzOTQ1MDk=,,https://api.github.com/users/assafgelber,User,FALSE,4,https://avatars.githubusercontent.com/u/2394509?v=4,https://github.com/assafgelber,https://api.github.com/users/assafgelber/followers,https://api.github.com/users/assafgelber/following{/other_user},https://api.github.com/users/assafgelber/gists{/gist_id},https://api.github.com/users/assafgelber/starred{/owner}{/repo},https://api.github.com/users/assafgelber/subscriptions,https://api.github.com/users/assafgelber/orgs,https://api.github.com/users/assafgelber/repos,https://api.github.com/users/assafgelber/events{/privacy},https://api.github.com/users/assafgelber/received_events
nsomar,OAStackView,bartvandendriessche,58052,MDQ6VXNlcjU4MDUy,,https://api.github.com/users/bartvandendriessche,User,FALSE,3,https://avatars.githubusercontent.com/u/58052?v=4,https://github.com/bartvandendriessche,https://api.github.com/users/bartvandendriessche/followers,https://api.github.com/users/bartvandendriessche/following{/other_user},https://api.github.com/users/bartvandendriessche/gists{/gist_id},https://api.github.com/users/bartvandendriessche/starred{/owner}{/repo},https://api.github.com/users/bartvandendriessche/subscriptions,https://api.github.com/users/bartvandendriessche/orgs,https://api.github.com/users/bartvandendriessche/repos,https://api.github.com/users/bartvandendriessche/events{/privacy},https://api.github.com/users/bartvandendriessche/received_events
nsomar,OAStackView,jstart,108218,MDQ6VXNlcjEwODIxOA==,,https://api.github.com/users/jstart,User,FALSE,3,https://avatars.githubusercontent.com/u/108218?v=4,https://github.com/jstart,https://api.github.com/users/jstart/followers,https://api.github.com/users/jstart/following{/other_user},https://api.github.com/users/jstart/gists{/gist_id},https://api.github.com/users/jstart/starred{/owner}{/repo},https://api.github.com/users/jstart/subscriptions,https://api.github.com/users/jstart/orgs,https://api.github.com/users/jstart/repos,https://api.github.com/users/jstart/events{/privacy},https://api.github.com/users/jstart/received_events
nsomar,OAStackView,paleozogt,310894,MDQ6VXNlcjMxMDg5NA==,,https://api.github.com/users/paleozogt,User,FALSE,1,https://avatars.githubusercontent.com/u/310894?v=4,https://github.com/paleozogt,https://api.github.com/users/paleozogt/followers,https://api.github.com/users/paleozogt/following{/other_user},https://api.github.com/users/paleozogt/gists{/gist_id},https://api.github.com/users/paleozogt/starred{/owner}{/repo},https://api.github.com/users/paleozogt/subscriptions,https://api.github.com/users/paleozogt/orgs,https://api.github.com/users/paleozogt/repos,https://api.github.com/users/paleozogt/events{/privacy},https://api.github.com/users/paleozogt/received_events
nsomar,OAStackView,algal,264412,MDQ6VXNlcjI2NDQxMg==,,https://api.github.com/users/algal,User,FALSE,1,https://avatars.githubusercontent.com/u/264412?v=4,https://github.com/algal,https://api.github.com/users/algal/followers,https://api.github.com/users/algal/following{/other_user},https://api.github.com/users/algal/gists{/gist_id},https://api.github.com/users/algal/starred{/owner}{/repo},https://api.github.com/users/algal/subscriptions,https://api.github.com/users/algal/orgs,https://api.github.com/users/algal/repos,https://api.github.com/users/algal/events{/privacy},https://api.github.com/users/algal/received_events
nsomar,OAStackView,ay8s,1058408,MDQ6VXNlcjEwNTg0MDg=,,https://api.github.com/users/ay8s,User,FALSE,1,https://avatars.githubusercontent.com/u/1058408?v=4,https://github.com/ay8s,https://api.github.com/users/ay8s/followers,https://api.github.com/users/ay8s/following{/other_user},https://api.github.com/users/ay8s/gists{/gist_id},https://api.github.com/users/ay8s/starred{/owner}{/repo},https://api.github.com/users/ay8s/subscriptions,https://api.github.com/users/ay8s/orgs,https://api.github.com/users/ay8s/repos,https://api.github.com/users/ay8s/events{/privacy},https://api.github.com/users/ay8s/received_events
nsomar,OAStackView,calebd,1761121,MDQ6VXNlcjE3NjExMjE=,,https://api.github.com/users/calebd,User,FALSE,1,https://avatars.githubusercontent.com/u/1761121?v=4,https://github.com/calebd,https://api.github.com/users/calebd/followers,https://api.github.com/users/calebd/following{/other_user},https://api.github.com/users/calebd/gists{/gist_id},https://api.github.com/users/calebd/starred{/owner}{/repo},https://api.github.com/users/calebd/subscriptions,https://api.github.com/users/calebd/orgs,https://api.github.com/users/calebd/repos,https://api.github.com/users/calebd/events{/privacy},https://api.github.com/users/calebd/received_events
nsomar,OAStackView,intonarumori,86030,MDQ6VXNlcjg2MDMw,,https://api.github.com/users/intonarumori,User,FALSE,1,https://avatars.githubusercontent.com/u/86030?v=4,https://github.com/intonarumori,https://api.github.com/users/intonarumori/followers,https://api.github.com/users/intonarumori/following{/other_user},https://api.github.com/users/intonarumori/gists{/gist_id},https://api.github.com/users/intonarumori/starred{/owner}{/repo},https://api.github.com/users/intonarumori/subscriptions,https://api.github.com/users/intonarumori/orgs,https://api.github.com/users/intonarumori/repos,https://api.github.com/users/intonarumori/events{/privacy},https://api.github.com/users/intonarumori/received_events
nsomar,OAStackView,harlanhaskins,853032,MDQ6VXNlcjg1MzAzMg==,,https://api.github.com/users/harlanhaskins,User,FALSE,1,https://avatars.githubusercontent.com/u/853032?v=4,https://github.com/harlanhaskins,https://api.github.com/users/harlanhaskins/followers,https://api.github.com/users/harlanhaskins/following{/other_user},https://api.github.com/users/harlanhaskins/gists{/gist_id},https://api.github.com/users/harlanhaskins/starred{/owner}{/repo},https://api.github.com/users/harlanhaskins/subscriptions,https://api.github.com/users/harlanhaskins/orgs,https://api.github.com/users/harlanhaskins/repos,https://api.github.com/users/harlanhaskins/events{/privacy},https://api.github.com/users/harlanhaskins/received_events
nsomar,OAStackView,izackp,2636382,MDQ6VXNlcjI2MzYzODI=,,https://api.github.com/users/izackp,User,FALSE,1,https://avatars.githubusercontent.com/u/2636382?v=4,https://github.com/izackp,https://api.github.com/users/izackp/followers,https://api.github.com/users/izackp/following{/other_user},https://api.github.com/users/izackp/gists{/gist_id},https://api.github.com/users/izackp/starred{/owner}{/repo},https://api.github.com/users/izackp/subscriptions,https://api.github.com/users/izackp/orgs,https://api.github.com/users/izackp/repos,https://api.github.com/users/izackp/events{/privacy},https://api.github.com/users/izackp/received_events
nsomar,OAStackView,pizthewiz,648369,MDQ6VXNlcjY0ODM2OQ==,,https://api.github.com/users/pizthewiz,User,FALSE,1,https://avatars.githubusercontent.com/u/648369?v=4,https://github.com/pizthewiz,https://api.github.com/users/pizthewiz/followers,https://api.github.com/users/pizthewiz/following{/other_user},https://api.github.com/users/pizthewiz/gists{/gist_id},https://api.github.com/users/pizthewiz/starred{/owner}{/repo},https://api.github.com/users/pizthewiz/subscriptions,https://api.github.com/users/pizthewiz/orgs,https://api.github.com/users/pizthewiz/repos,https://api.github.com/users/pizthewiz/events{/privacy},https://api.github.com/users/pizthewiz/received_events
nsomar,OAStackView,m1entus,1565368,MDQ6VXNlcjE1NjUzNjg=,,https://api.github.com/users/m1entus,User,FALSE,1,https://avatars.githubusercontent.com/u/1565368?v=4,https://github.com/m1entus,https://api.github.com/users/m1entus/followers,https://api.github.com/users/m1entus/following{/other_user},https://api.github.com/users/m1entus/gists{/gist_id},https://api.github.com/users/m1entus/starred{/owner}{/repo},https://api.github.com/users/m1entus/subscriptions,https://api.github.com/users/m1entus/orgs,https://api.github.com/users/m1entus/repos,https://api.github.com/users/m1entus/events{/privacy},https://api.github.com/users/m1entus/received_events
nsomar,OAStackView,neilbilly,1662306,MDQ6VXNlcjE2NjIzMDY=,,https://api.github.com/users/neilbilly,User,FALSE,1,https://avatars.githubusercontent.com/u/1662306?v=4,https://github.com/neilbilly,https://api.github.com/users/neilbilly/followers,https://api.github.com/users/neilbilly/following{/other_user},https://api.github.com/users/neilbilly/gists{/gist_id},https://api.github.com/users/neilbilly/starred{/owner}{/repo},https://api.github.com/users/neilbilly/subscriptions,https://api.github.com/users/neilbilly/orgs,https://api.github.com/users/neilbilly/repos,https://api.github.com/users/neilbilly/events{/privacy},https://api.github.com/users/neilbilly/received_events
nsomar,OAStackView,skywinder,3356474,MDQ6VXNlcjMzNTY0NzQ=,,https://api.github.com/users/skywinder,User,FALSE,1,https://avatars.githubusercontent.com/u/3356474?v=4,https://github.com/skywinder,https://api.github.com/users/skywinder/followers,https://api.github.com/users/skywinder/following{/other_user},https://api.github.com/users/skywinder/gists{/gist_id},https://api.github.com/users/skywinder/starred{/owner}{/repo},https://api.github.com/users/skywinder/subscriptions,https://api.github.com/users/skywinder/orgs,https://api.github.com/users/skywinder/repos,https://api.github.com/users/skywinder/events{/privacy},https://api.github.com/users/skywinder/received_events
nsomar,OAStackView,Thomvis,134170,MDQ6VXNlcjEzNDE3MA==,,https://api.github.com/users/Thomvis,User,FALSE,1,https://avatars.githubusercontent.com/u/134170?v=4,https://github.com/Thomvis,https://api.github.com/users/Thomvis/followers,https://api.github.com/users/Thomvis/following{/other_user},https://api.github.com/users/Thomvis/gists{/gist_id},https://api.github.com/users/Thomvis/starred{/owner}{/repo},https://api.github.com/users/Thomvis/subscriptions,https://api.github.com/users/Thomvis/orgs,https://api.github.com/users/Thomvis/repos,https://api.github.com/users/Thomvis/events{/privacy},https://api.github.com/users/Thomvis/received_events
nsomar,OAStackView,yusefnapora,678715,MDQ6VXNlcjY3ODcxNQ==,,https://api.github.com/users/yusefnapora,User,FALSE,1,https://avatars.githubusercontent.com/u/678715?v=4,https://github.com/yusefnapora,https://api.github.com/users/yusefnapora/followers,https://api.github.com/users/yusefnapora/following{/other_user},https://api.github.com/users/yusefnapora/gists{/gist_id},https://api.github.com/users/yusefnapora/starred{/owner}{/repo},https://api.github.com/users/yusefnapora/subscriptions,https://api.github.com/users/yusefnapora/orgs,https://api.github.com/users/yusefnapora/repos,https://api.github.com/users/yusefnapora/events{/privacy},https://api.github.com/users/yusefnapora/received_events
nsomar,OAStackView,ZevEisenberg,464574,MDQ6VXNlcjQ2NDU3NA==,,https://api.github.com/users/ZevEisenberg,User,FALSE,1,https://avatars.githubusercontent.com/u/464574?v=4,https://github.com/ZevEisenberg,https://api.github.com/users/ZevEisenberg/followers,https://api.github.com/users/ZevEisenberg/following{/other_user},https://api.github.com/users/ZevEisenberg/gists{/gist_id},https://api.github.com/users/ZevEisenberg/starred{/owner}{/repo},https://api.github.com/users/ZevEisenberg/subscriptions,https://api.github.com/users/ZevEisenberg/orgs,https://api.github.com/users/ZevEisenberg/repos,https://api.github.com/users/ZevEisenberg/events{/privacy},https://api.github.com/users/ZevEisenberg/received_events
nsomar,Guaka,nsomar,1461052,MDQ6VXNlcjE0NjEwNTI=,,https://api.github.com/users/nsomar,User,FALSE,116,https://avatars.githubusercontent.com/u/1461052?v=4,https://github.com/nsomar,https://api.github.com/users/nsomar/followers,https://api.github.com/users/nsomar/following{/other_user},https://api.github.com/users/nsomar/gists{/gist_id},https://api.github.com/users/nsomar/starred{/owner}{/repo},https://api.github.com/users/nsomar/subscriptions,https://api.github.com/users/nsomar/orgs,https://api.github.com/users/nsomar/repos,https://api.github.com/users/nsomar/events{/privacy},https://api.github.com/users/nsomar/received_events
nsomar,Guaka,thii,4506500,MDQ6VXNlcjQ1MDY1MDA=,,https://api.github.com/users/thii,User,FALSE,34,https://avatars.githubusercontent.com/u/4506500?v=4,https://github.com/thii,https://api.github.com/users/thii/followers,https://api.github.com/users/thii/following{/other_user},https://api.github.com/users/thii/gists{/gist_id},https://api.github.com/users/thii/starred{/owner}{/repo},https://api.github.com/users/thii/subscriptions,https://api.github.com/users/thii/orgs,https://api.github.com/users/thii/repos,https://api.github.com/users/thii/events{/privacy},https://api.github.com/users/thii/received_events
nsomar,Guaka,Ponyboy47,1307343,MDQ6VXNlcjEzMDczNDM=,,https://api.github.com/users/Ponyboy47,User,FALSE,18,https://avatars.githubusercontent.com/u/1307343?v=4,https://github.com/Ponyboy47,https://api.github.com/users/Ponyboy47/followers,https://api.github.com/users/Ponyboy47/following{/other_user},https://api.github.com/users/Ponyboy47/gists{/gist_id},https://api.github.com/users/Ponyboy47/starred{/owner}{/repo},https://api.github.com/users/Ponyboy47/subscriptions,https://api.github.com/users/Ponyboy47/orgs,https://api.github.com/users/Ponyboy47/repos,https://api.github.com/users/Ponyboy47/events{/privacy},https://api.github.com/users/Ponyboy47/received_events
nsomar,Guaka,goyox86,9576,MDQ6VXNlcjk1NzY=,,https://api.github.com/users/goyox86,User,FALSE,6,https://avatars.githubusercontent.com/u/9576?v=4,https://github.com/goyox86,https://api.github.com/users/goyox86/followers,https://api.github.com/users/goyox86/following{/other_user},https://api.github.com/users/goyox86/gists{/gist_id},https://api.github.com/users/goyox86/starred{/owner}{/repo},https://api.github.com/users/goyox86/subscriptions,https://api.github.com/users/goyox86/orgs,https://api.github.com/users/goyox86/repos,https://api.github.com/users/goyox86/events{/privacy},https://api.github.com/users/goyox86/received_events
nsomar,Guaka,ainopara,1849450,MDQ6VXNlcjE4NDk0NTA=,,https://api.github.com/users/ainopara,User,FALSE,4,https://avatars.githubusercontent.com/u/1849450?v=4,https://github.com/ainopara,https://api.github.com/users/ainopara/followers,https://api.github.com/users/ainopara/following{/other_user},https://api.github.com/users/ainopara/gists{/gist_id},https://api.github.com/users/ainopara/starred{/owner}{/repo},https://api.github.com/users/ainopara/subscriptions,https://api.github.com/users/ainopara/orgs,https://api.github.com/users/ainopara/repos,https://api.github.com/users/ainopara/events{/privacy},https://api.github.com/users/ainopara/received_events
nsomar,Guaka,Makeeyaf,11623298,MDQ6VXNlcjExNjIzMjk4,,https://api.github.com/users/Makeeyaf,User,FALSE,3,https://avatars.githubusercontent.com/u/11623298?v=4,https://github.com/Makeeyaf,https://api.github.com/users/Makeeyaf/followers,https://api.github.com/users/Makeeyaf/following{/other_user},https://api.github.com/users/Makeeyaf/gists{/gist_id},https://api.github.com/users/Makeeyaf/starred{/owner}{/repo},https://api.github.com/users/Makeeyaf/subscriptions,https://api.github.com/users/Makeeyaf/orgs,https://api.github.com/users/Makeeyaf/repos,https://api.github.com/users/Makeeyaf/events{/privacy},https://api.github.com/users/Makeeyaf/received_events
nsomar,Guaka,a2,241156,MDQ6VXNlcjI0MTE1Ng==,,https://api.github.com/users/a2,User,FALSE,2,https://avatars.githubusercontent.com/u/241156?v=4,https://github.com/a2,https://api.github.com/users/a2/followers,https://api.github.com/users/a2/following{/other_user},https://api.github.com/users/a2/gists{/gist_id},https://api.github.com/users/a2/starred{/owner}{/repo},https://api.github.com/users/a2/subscriptions,https://api.github.com/users/a2/orgs,https://api.github.com/users/a2/repos,https://api.github.com/users/a2/events{/privacy},https://api.github.com/users/a2/received_events
nsomar,Guaka,dduan,75067,MDQ6VXNlcjc1MDY3,,https://api.github.com/users/dduan,User,FALSE,1,https://avatars.githubusercontent.com/u/75067?v=4,https://github.com/dduan,https://api.github.com/users/dduan/followers,https://api.github.com/users/dduan/following{/other_user},https://api.github.com/users/dduan/gists{/gist_id},https://api.github.com/users/dduan/starred{/owner}{/repo},https://api.github.com/users/dduan/subscriptions,https://api.github.com/users/dduan/orgs,https://api.github.com/users/dduan/repos,https://api.github.com/users/dduan/events{/privacy},https://api.github.com/users/dduan/received_events
nsomar,Guaka,glessard,122065,MDQ6VXNlcjEyMjA2NQ==,,https://api.github.com/users/glessard,User,FALSE,1,https://avatars.githubusercontent.com/u/122065?v=4,https://github.com/glessard,https://api.github.com/users/glessard/followers,https://api.github.com/users/glessard/following{/other_user},https://api.github.com/users/glessard/gists{/gist_id},https://api.github.com/users/glessard/starred{/owner}{/repo},https://api.github.com/users/glessard/subscriptions,https://api.github.com/users/glessard/orgs,https://api.github.com/users/glessard/repos,https://api.github.com/users/glessard/events{/privacy},https://api.github.com/users/glessard/received_events
rendro,easy-pie-chart,rendro,422168,MDQ6VXNlcjQyMjE2OA==,,https://api.github.com/users/rendro,User,FALSE,62,https://avatars.githubusercontent.com/u/422168?v=4,https://github.com/rendro,https://api.github.com/users/rendro/followers,https://api.github.com/users/rendro/following{/other_user},https://api.github.com/users/rendro/gists{/gist_id},https://api.github.com/users/rendro/starred{/owner}{/repo},https://api.github.com/users/rendro/subscriptions,https://api.github.com/users/rendro/orgs,https://api.github.com/users/rendro/repos,https://api.github.com/users/rendro/events{/privacy},https://api.github.com/users/rendro/received_events
rendro,easy-pie-chart,mrzmyr,746429,MDQ6VXNlcjc0NjQyOQ==,,https://api.github.com/users/mrzmyr,User,FALSE,45,https://avatars.githubusercontent.com/u/746429?v=4,https://github.com/mrzmyr,https://api.github.com/users/mrzmyr/followers,https://api.github.com/users/mrzmyr/following{/other_user},https://api.github.com/users/mrzmyr/gists{/gist_id},https://api.github.com/users/mrzmyr/starred{/owner}{/repo},https://api.github.com/users/mrzmyr/subscriptions,https://api.github.com/users/mrzmyr/orgs,https://api.github.com/users/mrzmyr/repos,https://api.github.com/users/mrzmyr/events{/privacy},https://api.github.com/users/mrzmyr/received_events
rendro,easy-pie-chart,chafnan,328404,MDQ6VXNlcjMyODQwNA==,,https://api.github.com/users/chafnan,User,FALSE,4,https://avatars.githubusercontent.com/u/328404?v=4,https://github.com/chafnan,https://api.github.com/users/chafnan/followers,https://api.github.com/users/chafnan/following{/other_user},https://api.github.com/users/chafnan/gists{/gist_id},https://api.github.com/users/chafnan/starred{/owner}{/repo},https://api.github.com/users/chafnan/subscriptions,https://api.github.com/users/chafnan/orgs,https://api.github.com/users/chafnan/repos,https://api.github.com/users/chafnan/events{/privacy},https://api.github.com/users/chafnan/received_events
rendro,easy-pie-chart,mediastuttgart,134505,MDQ6VXNlcjEzNDUwNQ==,,https://api.github.com/users/mediastuttgart,User,FALSE,3,https://avatars.githubusercontent.com/u/134505?v=4,https://github.com/mediastuttgart,https://api.github.com/users/mediastuttgart/followers,https://api.github.com/users/mediastuttgart/following{/other_user},https://api.github.com/users/mediastuttgart/gists{/gist_id},https://api.github.com/users/mediastuttgart/starred{/owner}{/repo},https://api.github.com/users/mediastuttgart/subscriptions,https://api.github.com/users/mediastuttgart/orgs,https://api.github.com/users/mediastuttgart/repos,https://api.github.com/users/mediastuttgart/events{/privacy},https://api.github.com/users/mediastuttgart/received_events
rendro,easy-pie-chart,dotansimha,3680083,MDQ6VXNlcjM2ODAwODM=,,https://api.github.com/users/dotansimha,User,FALSE,2,https://avatars.githubusercontent.com/u/3680083?v=4,https://github.com/dotansimha,https://api.github.com/users/dotansimha/followers,https://api.github.com/users/dotansimha/following{/other_user},https://api.github.com/users/dotansimha/gists{/gist_id},https://api.github.com/users/dotansimha/starred{/owner}{/repo},https://api.github.com/users/dotansimha/subscriptions,https://api.github.com/users/dotansimha/orgs,https://api.github.com/users/dotansimha/repos,https://api.github.com/users/dotansimha/events{/privacy},https://api.github.com/users/dotansimha/received_events
rendro,easy-pie-chart,epost,834942,MDQ6VXNlcjgzNDk0Mg==,,https://api.github.com/users/epost,User,FALSE,2,https://avatars.githubusercontent.com/u/834942?v=4,https://github.com/epost,https://api.github.com/users/epost/followers,https://api.github.com/users/epost/following{/other_user},https://api.github.com/users/epost/gists{/gist_id},https://api.github.com/users/epost/starred{/owner}{/repo},https://api.github.com/users/epost/subscriptions,https://api.github.com/users/epost/orgs,https://api.github.com/users/epost/repos,https://api.github.com/users/epost/events{/privacy},https://api.github.com/users/epost/received_events
rendro,easy-pie-chart,peters,869,MDQ6VXNlcjg2OQ==,,https://api.github.com/users/peters,User,FALSE,2,https://avatars.githubusercontent.com/u/869?v=4,https://github.com/peters,https://api.github.com/users/peters/followers,https://api.github.com/users/peters/following{/other_user},https://api.github.com/users/peters/gists{/gist_id},https://api.github.com/users/peters/starred{/owner}{/repo},https://api.github.com/users/peters/subscriptions,https://api.github.com/users/peters/orgs,https://api.github.com/users/peters/repos,https://api.github.com/users/peters/events{/privacy},https://api.github.com/users/peters/received_events
rendro,easy-pie-chart,levito,70500,MDQ6VXNlcjcwNTAw,,https://api.github.com/users/levito,User,FALSE,2,https://avatars.githubusercontent.com/u/70500?v=4,https://github.com/levito,https://api.github.com/users/levito/followers,https://api.github.com/users/levito/following{/other_user},https://api.github.com/users/levito/gists{/gist_id},https://api.github.com/users/levito/starred{/owner}{/repo},https://api.github.com/users/levito/subscriptions,https://api.github.com/users/levito/orgs,https://api.github.com/users/levito/repos,https://api.github.com/users/levito/events{/privacy},https://api.github.com/users/levito/received_events
rendro,easy-pie-chart,linkgod,1736020,MDQ6VXNlcjE3MzYwMjA=,,https://api.github.com/users/linkgod,User,FALSE,2,https://avatars.githubusercontent.com/u/1736020?v=4,https://github.com/linkgod,https://api.github.com/users/linkgod/followers,https://api.github.com/users/linkgod/following{/other_user},https://api.github.com/users/linkgod/gists{/gist_id},https://api.github.com/users/linkgod/starred{/owner}{/repo},https://api.github.com/users/linkgod/subscriptions,https://api.github.com/users/linkgod/orgs,https://api.github.com/users/linkgod/repos,https://api.github.com/users/linkgod/events{/privacy},https://api.github.com/users/linkgod/received_events
rendro,easy-pie-chart,scatcher,1429656,MDQ6VXNlcjE0Mjk2NTY=,,https://api.github.com/users/scatcher,User,FALSE,2,https://avatars.githubusercontent.com/u/1429656?v=4,https://github.com/scatcher,https://api.github.com/users/scatcher/followers,https://api.github.com/users/scatcher/following{/other_user},https://api.github.com/users/scatcher/gists{/gist_id},https://api.github.com/users/scatcher/starred{/owner}{/repo},https://api.github.com/users/scatcher/subscriptions,https://api.github.com/users/scatcher/orgs,https://api.github.com/users/scatcher/repos,https://api.github.com/users/scatcher/events{/privacy},https://api.github.com/users/scatcher/received_events
rendro,easy-pie-chart,alex-pex,368155,MDQ6VXNlcjM2ODE1NQ==,,https://api.github.com/users/alex-pex,User,FALSE,1,https://avatars.githubusercontent.com/u/368155?v=4,https://github.com/alex-pex,https://api.github.com/users/alex-pex/followers,https://api.github.com/users/alex-pex/following{/other_user},https://api.github.com/users/alex-pex/gists{/gist_id},https://api.github.com/users/alex-pex/starred{/owner}{/repo},https://api.github.com/users/alex-pex/subscriptions,https://api.github.com/users/alex-pex/orgs,https://api.github.com/users/alex-pex/repos,https://api.github.com/users/alex-pex/events{/privacy},https://api.github.com/users/alex-pex/received_events
rendro,easy-pie-chart,TopHatCalavera,1971369,MDQ6VXNlcjE5NzEzNjk=,,https://api.github.com/users/TopHatCalavera,User,FALSE,1,https://avatars.githubusercontent.com/u/1971369?v=4,https://github.com/TopHatCalavera,https://api.github.com/users/TopHatCalavera/followers,https://api.github.com/users/TopHatCalavera/following{/other_user},https://api.github.com/users/TopHatCalavera/gists{/gist_id},https://api.github.com/users/TopHatCalavera/starred{/owner}{/repo},https://api.github.com/users/TopHatCalavera/subscriptions,https://api.github.com/users/TopHatCalavera/orgs,https://api.github.com/users/TopHatCalavera/repos,https://api.github.com/users/TopHatCalavera/events{/privacy},https://api.github.com/users/TopHatCalavera/received_events
rendro,easy-pie-chart,brunocavalcante,186922,MDQ6VXNlcjE4NjkyMg==,,https://api.github.com/users/brunocavalcante,User,FALSE,1,https://avatars.githubusercontent.com/u/186922?v=4,https://github.com/brunocavalcante,https://api.github.com/users/brunocavalcante/followers,https://api.github.com/users/brunocavalcante/following{/other_user},https://api.github.com/users/brunocavalcante/gists{/gist_id},https://api.github.com/users/brunocavalcante/starred{/owner}{/repo},https://api.github.com/users/brunocavalcante/subscriptions,https://api.github.com/users/brunocavalcante/orgs,https://api.github.com/users/brunocavalcante/repos,https://api.github.com/users/brunocavalcante/events{/privacy},https://api.github.com/users/brunocavalcante/received_events
rendro,easy-pie-chart,frankvanrest,58522,MDQ6VXNlcjU4NTIy,,https://api.github.com/users/frankvanrest,User,FALSE,1,https://avatars.githubusercontent.com/u/58522?v=4,https://github.com/frankvanrest,https://api.github.com/users/frankvanrest/followers,https://api.github.com/users/frankvanrest/following{/other_user},https://api.github.com/users/frankvanrest/gists{/gist_id},https://api.github.com/users/frankvanrest/starred{/owner}{/repo},https://api.github.com/users/frankvanrest/subscriptions,https://api.github.com/users/frankvanrest/orgs,https://api.github.com/users/frankvanrest/repos,https://api.github.com/users/frankvanrest/events{/privacy},https://api.github.com/users/frankvanrest/received_events
rendro,easy-pie-chart,ProCynic,239858,MDQ6VXNlcjIzOTg1OA==,,https://api.github.com/users/ProCynic,User,FALSE,1,https://avatars.githubusercontent.com/u/239858?v=4,https://github.com/ProCynic,https://api.github.com/users/ProCynic/followers,https://api.github.com/users/ProCynic/following{/other_user},https://api.github.com/users/ProCynic/gists{/gist_id},https://api.github.com/users/ProCynic/starred{/owner}{/repo},https://api.github.com/users/ProCynic/subscriptions,https://api.github.com/users/ProCynic/orgs,https://api.github.com/users/ProCynic/repos,https://api.github.com/users/ProCynic/events{/privacy},https://api.github.com/users/ProCynic/received_events
rendro,easy-pie-chart,JennieJi,1913045,MDQ6VXNlcjE5MTMwNDU=,,https://api.github.com/users/JennieJi,User,FALSE,1,https://avatars.githubusercontent.com/u/1913045?v=4,https://github.com/JennieJi,https://api.github.com/users/JennieJi/followers,https://api.github.com/users/JennieJi/following{/other_user},https://api.github.com/users/JennieJi/gists{/gist_id},https://api.github.com/users/JennieJi/starred{/owner}{/repo},https://api.github.com/users/JennieJi/subscriptions,https://api.github.com/users/JennieJi/orgs,https://api.github.com/users/JennieJi/repos,https://api.github.com/users/JennieJi/events{/privacy},https://api.github.com/users/JennieJi/received_events
rendro,easy-pie-chart,amsross,450220,MDQ6VXNlcjQ1MDIyMA==,,https://api.github.com/users/amsross,User,FALSE,1,https://avatars.githubusercontent.com/u/450220?v=4,https://github.com/amsross,https://api.github.com/users/amsross/followers,https://api.github.com/users/amsross/following{/other_user},https://api.github.com/users/amsross/gists{/gist_id},https://api.github.com/users/amsross/starred{/owner}{/repo},https://api.github.com/users/amsross/subscriptions,https://api.github.com/users/amsross/orgs,https://api.github.com/users/amsross/repos,https://api.github.com/users/amsross/events{/privacy},https://api.github.com/users/amsross/received_events
rendro,easy-pie-chart,stereoscott,172409,MDQ6VXNlcjE3MjQwOQ==,,https://api.github.com/users/stereoscott,User,FALSE,1,https://avatars.githubusercontent.com/u/172409?v=4,https://github.com/stereoscott,https://api.github.com/users/stereoscott/followers,https://api.github.com/users/stereoscott/following{/other_user},https://api.github.com/users/stereoscott/gists{/gist_id},https://api.github.com/users/stereoscott/starred{/owner}{/repo},https://api.github.com/users/stereoscott/subscriptions,https://api.github.com/users/stereoscott/orgs,https://api.github.com/users/stereoscott/repos,https://api.github.com/users/stereoscott/events{/privacy},https://api.github.com/users/stereoscott/received_events
rendro,easy-pie-chart,sgtpepper43,2449014,MDQ6VXNlcjI0NDkwMTQ=,,https://api.github.com/users/sgtpepper43,User,FALSE,1,https://avatars.githubusercontent.com/u/2449014?v=4,https://github.com/sgtpepper43,https://api.github.com/users/sgtpepper43/followers,https://api.github.com/users/sgtpepper43/following{/other_user},https://api.github.com/users/sgtpepper43/gists{/gist_id},https://api.github.com/users/sgtpepper43/starred{/owner}{/repo},https://api.github.com/users/sgtpepper43/subscriptions,https://api.github.com/users/sgtpepper43/orgs,https://api.github.com/users/sgtpepper43/repos,https://api.github.com/users/sgtpepper43/events{/privacy},https://api.github.com/users/sgtpepper43/received_events
rendro,easy-pie-chart,chenys,2694351,MDQ6VXNlcjI2OTQzNTE=,,https://api.github.com/users/chenys,User,FALSE,1,https://avatars.githubusercontent.com/u/2694351?v=4,https://github.com/chenys,https://api.github.com/users/chenys/followers,https://api.github.com/users/chenys/following{/other_user},https://api.github.com/users/chenys/gists{/gist_id},https://api.github.com/users/chenys/starred{/owner}{/repo},https://api.github.com/users/chenys/subscriptions,https://api.github.com/users/chenys/orgs,https://api.github.com/users/chenys/repos,https://api.github.com/users/chenys/events{/privacy},https://api.github.com/users/chenys/received_events
rendro,easy-pie-chart,evrpress,881729,MDQ6VXNlcjg4MTcyOQ==,,https://api.github.com/users/evrpress,User,FALSE,1,https://avatars.githubusercontent.com/u/881729?v=4,https://github.com/evrpress,https://api.github.com/users/evrpress/followers,https://api.github.com/users/evrpress/following{/other_user},https://api.github.com/users/evrpress/gists{/gist_id},https://api.github.com/users/evrpress/starred{/owner}{/repo},https://api.github.com/users/evrpress/subscriptions,https://api.github.com/users/evrpress/orgs,https://api.github.com/users/evrpress/repos,https://api.github.com/users/evrpress/events{/privacy},https://api.github.com/users/evrpress/received_events
rendro,vintageJS,rendro,422168,MDQ6VXNlcjQyMjE2OA==,,https://api.github.com/users/rendro,User,FALSE,66,https://avatars.githubusercontent.com/u/422168?v=4,https://github.com/rendro,https://api.github.com/users/rendro/followers,https://api.github.com/users/rendro/following{/other_user},https://api.github.com/users/rendro/gists{/gist_id},https://api.github.com/users/rendro/starred{/owner}{/repo},https://api.github.com/users/rendro/subscriptions,https://api.github.com/users/rendro/orgs,https://api.github.com/users/rendro/repos,https://api.github.com/users/rendro/events{/privacy},https://api.github.com/users/rendro/received_events
rendro,vintageJS,danielepiccone,1982461,MDQ6VXNlcjE5ODI0NjE=,,https://api.github.com/users/danielepiccone,User,FALSE,5,https://avatars.githubusercontent.com/u/1982461?v=4,https://github.com/danielepiccone,https://api.github.com/users/danielepiccone/followers,https://api.github.com/users/danielepiccone/following{/other_user},https://api.github.com/users/danielepiccone/gists{/gist_id},https://api.github.com/users/danielepiccone/starred{/owner}{/repo},https://api.github.com/users/danielepiccone/subscriptions,https://api.github.com/users/danielepiccone/orgs,https://api.github.com/users/danielepiccone/repos,https://api.github.com/users/danielepiccone/events{/privacy},https://api.github.com/users/danielepiccone/received_events
rendro,vintageJS,bjornbos,1816644,MDQ6VXNlcjE4MTY2NDQ=,,https://api.github.com/users/bjornbos,User,FALSE,3,https://avatars.githubusercontent.com/u/1816644?v=4,https://github.com/bjornbos,https://api.github.com/users/bjornbos/followers,https://api.github.com/users/bjornbos/following{/other_user},https://api.github.com/users/bjornbos/gists{/gist_id},https://api.github.com/users/bjornbos/starred{/owner}{/repo},https://api.github.com/users/bjornbos/subscriptions,https://api.github.com/users/bjornbos/orgs,https://api.github.com/users/bjornbos/repos,https://api.github.com/users/bjornbos/events{/privacy},https://api.github.com/users/bjornbos/received_events
rendro,vintageJS,abovethewater,832767,MDQ6VXNlcjgzMjc2Nw==,,https://api.github.com/users/abovethewater,User,FALSE,2,https://avatars.githubusercontent.com/u/832767?v=4,https://github.com/abovethewater,https://api.github.com/users/abovethewater/followers,https://api.github.com/users/abovethewater/following{/other_user},https://api.github.com/users/abovethewater/gists{/gist_id},https://api.github.com/users/abovethewater/starred{/owner}{/repo},https://api.github.com/users/abovethewater/subscriptions,https://api.github.com/users/abovethewater/orgs,https://api.github.com/users/abovethewater/repos,https://api.github.com/users/abovethewater/events{/privacy},https://api.github.com/users/abovethewater/received_events
rendro,vintageJS,greenkeeper[bot],23040076,MDM6Qm90MjMwNDAwNzY=,,https://api.github.com/users/greenkeeper%5Bbot%5D,Bot,FALSE,2,https://avatars.githubusercontent.com/in/505?v=4,https://github.com/apps/greenkeeper,https://api.github.com/users/greenkeeper%5Bbot%5D/followers,https://api.github.com/users/greenkeeper%5Bbot%5D/following{/other_user},https://api.github.com/users/greenkeeper%5Bbot%5D/gists{/gist_id},https://api.github.com/users/greenkeeper%5Bbot%5D/starred{/owner}{/repo},https://api.github.com/users/greenkeeper%5Bbot%5D/subscriptions,https://api.github.com/users/greenkeeper%5Bbot%5D/orgs,https://api.github.com/users/greenkeeper%5Bbot%5D/repos,https://api.github.com/users/greenkeeper%5Bbot%5D/events{/privacy},https://api.github.com/users/greenkeeper%5Bbot%5D/received_events
rendro,vintageJS,dcousineau,30331,MDQ6VXNlcjMwMzMx,,https://api.github.com/users/dcousineau,User,FALSE,1,https://avatars.githubusercontent.com/u/30331?v=4,https://github.com/dcousineau,https://api.github.com/users/dcousineau/followers,https://api.github.com/users/dcousineau/following{/other_user},https://api.github.com/users/dcousineau/gists{/gist_id},https://api.github.com/users/dcousineau/starred{/owner}{/repo},https://api.github.com/users/dcousineau/subscriptions,https://api.github.com/users/dcousineau/orgs,https://api.github.com/users/dcousineau/repos,https://api.github.com/users/dcousineau/events{/privacy},https://api.github.com/users/dcousineau/received_events
soumith,convnet-benchmarks,soumith,1310570,MDQ6VXNlcjEzMTA1NzA=,,https://api.github.com/users/soumith,User,FALSE,331,https://avatars.githubusercontent.com/u/1310570?v=4,https://github.com/soumith,https://api.github.com/users/soumith/followers,https://api.github.com/users/soumith/following{/other_user},https://api.github.com/users/soumith/gists{/gist_id},https://api.github.com/users/soumith/starred{/owner}{/repo},https://api.github.com/users/soumith/subscriptions,https://api.github.com/users/soumith/orgs,https://api.github.com/users/soumith/repos,https://api.github.com/users/soumith/events{/privacy},https://api.github.com/users/soumith/received_events
soumith,convnet-benchmarks,f0k,629706,MDQ6VXNlcjYyOTcwNg==,,https://api.github.com/users/f0k,User,FALSE,24,https://avatars.githubusercontent.com/u/629706?v=4,https://github.com/f0k,https://api.github.com/users/f0k/followers,https://api.github.com/users/f0k/following{/other_user},https://api.github.com/users/f0k/gists{/gist_id},https://api.github.com/users/f0k/starred{/owner}{/repo},https://api.github.com/users/f0k/subscriptions,https://api.github.com/users/f0k/orgs,https://api.github.com/users/f0k/repos,https://api.github.com/users/f0k/events{/privacy},https://api.github.com/users/f0k/received_events
soumith,convnet-benchmarks,nicholas-leonard,3520613,MDQ6VXNlcjM1MjA2MTM=,,https://api.github.com/users/nicholas-leonard,User,FALSE,15,https://avatars.githubusercontent.com/u/3520613?v=4,https://github.com/nicholas-leonard,https://api.github.com/users/nicholas-leonard/followers,https://api.github.com/users/nicholas-leonard/following{/other_user},https://api.github.com/users/nicholas-leonard/gists{/gist_id},https://api.github.com/users/nicholas-leonard/starred{/owner}{/repo},https://api.github.com/users/nicholas-leonard/subscriptions,https://api.github.com/users/nicholas-leonard/orgs,https://api.github.com/users/nicholas-leonard/repos,https://api.github.com/users/nicholas-leonard/events{/privacy},https://api.github.com/users/nicholas-leonard/received_events
soumith,convnet-benchmarks,hughperkins,123560,MDQ6VXNlcjEyMzU2MA==,,https://api.github.com/users/hughperkins,User,FALSE,14,https://avatars.githubusercontent.com/u/123560?v=4,https://github.com/hughperkins,https://api.github.com/users/hughperkins/followers,https://api.github.com/users/hughperkins/following{/other_user},https://api.github.com/users/hughperkins/gists{/gist_id},https://api.github.com/users/hughperkins/starred{/owner}{/repo},https://api.github.com/users/hughperkins/subscriptions,https://api.github.com/users/hughperkins/orgs,https://api.github.com/users/hughperkins/repos,https://api.github.com/users/hughperkins/events{/privacy},https://api.github.com/users/hughperkins/received_events
soumith,convnet-benchmarks,dadaism,1538540,MDQ6VXNlcjE1Mzg1NDA=,,https://api.github.com/users/dadaism,User,FALSE,9,https://avatars.githubusercontent.com/u/1538540?v=4,https://github.com/dadaism,https://api.github.com/users/dadaism/followers,https://api.github.com/users/dadaism/following{/other_user},https://api.github.com/users/dadaism/gists{/gist_id},https://api.github.com/users/dadaism/starred{/owner}{/repo},https://api.github.com/users/dadaism/subscriptions,https://api.github.com/users/dadaism/orgs,https://api.github.com/users/dadaism/repos,https://api.github.com/users/dadaism/events{/privacy},https://api.github.com/users/dadaism/received_events
soumith,convnet-benchmarks,nouiz,180987,MDQ6VXNlcjE4MDk4Nw==,,https://api.github.com/users/nouiz,User,FALSE,8,https://avatars.githubusercontent.com/u/180987?v=4,https://github.com/nouiz,https://api.github.com/users/nouiz/followers,https://api.github.com/users/nouiz/following{/other_user},https://api.github.com/users/nouiz/gists{/gist_id},https://api.github.com/users/nouiz/starred{/owner}{/repo},https://api.github.com/users/nouiz/subscriptions,https://api.github.com/users/nouiz/orgs,https://api.github.com/users/nouiz/repos,https://api.github.com/users/nouiz/events{/privacy},https://api.github.com/users/nouiz/received_events
soumith,convnet-benchmarks,ozabluda,14060629,MDQ6VXNlcjE0MDYwNjI5,,https://api.github.com/users/ozabluda,User,FALSE,4,https://avatars.githubusercontent.com/u/14060629?v=4,https://github.com/ozabluda,https://api.github.com/users/ozabluda/followers,https://api.github.com/users/ozabluda/following{/other_user},https://api.github.com/users/ozabluda/gists{/gist_id},https://api.github.com/users/ozabluda/starred{/owner}{/repo},https://api.github.com/users/ozabluda/subscriptions,https://api.github.com/users/ozabluda/orgs,https://api.github.com/users/ozabluda/repos,https://api.github.com/users/ozabluda/events{/privacy},https://api.github.com/users/ozabluda/received_events
soumith,convnet-benchmarks,szagoruyko,4953728,MDQ6VXNlcjQ5NTM3Mjg=,,https://api.github.com/users/szagoruyko,User,FALSE,4,https://avatars.githubusercontent.com/u/4953728?v=4,https://github.com/szagoruyko,https://api.github.com/users/szagoruyko/followers,https://api.github.com/users/szagoruyko/following{/other_user},https://api.github.com/users/szagoruyko/gists{/gist_id},https://api.github.com/users/szagoruyko/starred{/owner}{/repo},https://api.github.com/users/szagoruyko/subscriptions,https://api.github.com/users/szagoruyko/orgs,https://api.github.com/users/szagoruyko/repos,https://api.github.com/users/szagoruyko/events{/privacy},https://api.github.com/users/szagoruyko/received_events
soumith,convnet-benchmarks,naibaf7,5577650,MDQ6VXNlcjU1Nzc2NTA=,,https://api.github.com/users/naibaf7,User,FALSE,3,https://avatars.githubusercontent.com/u/5577650?v=4,https://github.com/naibaf7,https://api.github.com/users/naibaf7/followers,https://api.github.com/users/naibaf7/following{/other_user},https://api.github.com/users/naibaf7/gists{/gist_id},https://api.github.com/users/naibaf7/starred{/owner}{/repo},https://api.github.com/users/naibaf7/subscriptions,https://api.github.com/users/naibaf7/orgs,https://api.github.com/users/naibaf7/repos,https://api.github.com/users/naibaf7/events{/privacy},https://api.github.com/users/naibaf7/received_events
soumith,convnet-benchmarks,annarev,22060313,MDQ6VXNlcjIyMDYwMzEz,,https://api.github.com/users/annarev,User,FALSE,3,https://avatars.githubusercontent.com/u/22060313?v=4,https://github.com/annarev,https://api.github.com/users/annarev/followers,https://api.github.com/users/annarev/following{/other_user},https://api.github.com/users/annarev/gists{/gist_id},https://api.github.com/users/annarev/starred{/owner}{/repo},https://api.github.com/users/annarev/subscriptions,https://api.github.com/users/annarev/orgs,https://api.github.com/users/annarev/repos,https://api.github.com/users/annarev/events{/privacy},https://api.github.com/users/annarev/received_events
soumith,convnet-benchmarks,Yangqing,551151,MDQ6VXNlcjU1MTE1MQ==,,https://api.github.com/users/Yangqing,User,FALSE,3,https://avatars.githubusercontent.com/u/551151?v=4,https://github.com/Yangqing,https://api.github.com/users/Yangqing/followers,https://api.github.com/users/Yangqing/following{/other_user},https://api.github.com/users/Yangqing/gists{/gist_id},https://api.github.com/users/Yangqing/starred{/owner}{/repo},https://api.github.com/users/Yangqing/subscriptions,https://api.github.com/users/Yangqing/orgs,https://api.github.com/users/Yangqing/repos,https://api.github.com/users/Yangqing/events{/privacy},https://api.github.com/users/Yangqing/received_events
soumith,convnet-benchmarks,liuliu,127987,MDQ6VXNlcjEyNzk4Nw==,,https://api.github.com/users/liuliu,User,FALSE,2,https://avatars.githubusercontent.com/u/127987?v=4,https://github.com/liuliu,https://api.github.com/users/liuliu/followers,https://api.github.com/users/liuliu/following{/other_user},https://api.github.com/users/liuliu/gists{/gist_id},https://api.github.com/users/liuliu/starred{/owner}{/repo},https://api.github.com/users/liuliu/subscriptions,https://api.github.com/users/liuliu/orgs,https://api.github.com/users/liuliu/repos,https://api.github.com/users/liuliu/events{/privacy},https://api.github.com/users/liuliu/received_events
soumith,convnet-benchmarks,bbagcilar,2432700,MDQ6VXNlcjI0MzI3MDA=,,https://api.github.com/users/bbagcilar,User,FALSE,1,https://avatars.githubusercontent.com/u/2432700?v=4,https://github.com/bbagcilar,https://api.github.com/users/bbagcilar/followers,https://api.github.com/users/bbagcilar/following{/other_user},https://api.github.com/users/bbagcilar/gists{/gist_id},https://api.github.com/users/bbagcilar/starred{/owner}{/repo},https://api.github.com/users/bbagcilar/subscriptions,https://api.github.com/users/bbagcilar/orgs,https://api.github.com/users/bbagcilar/repos,https://api.github.com/users/bbagcilar/events{/privacy},https://api.github.com/users/bbagcilar/received_events
soumith,convnet-benchmarks,beniz,3530657,MDQ6VXNlcjM1MzA2NTc=,,https://api.github.com/users/beniz,User,FALSE,1,https://avatars.githubusercontent.com/u/3530657?v=4,https://github.com/beniz,https://api.github.com/users/beniz/followers,https://api.github.com/users/beniz/following{/other_user},https://api.github.com/users/beniz/gists{/gist_id},https://api.github.com/users/beniz/starred{/owner}{/repo},https://api.github.com/users/beniz/subscriptions,https://api.github.com/users/beniz/orgs,https://api.github.com/users/beniz/repos,https://api.github.com/users/beniz/events{/privacy},https://api.github.com/users/beniz/received_events
soumith,convnet-benchmarks,Hydrotoast,246905,MDQ6VXNlcjI0NjkwNQ==,,https://api.github.com/users/Hydrotoast,User,FALSE,1,https://avatars.githubusercontent.com/u/246905?v=4,https://github.com/Hydrotoast,https://api.github.com/users/Hydrotoast/followers,https://api.github.com/users/Hydrotoast/following{/other_user},https://api.github.com/users/Hydrotoast/gists{/gist_id},https://api.github.com/users/Hydrotoast/starred{/owner}{/repo},https://api.github.com/users/Hydrotoast/subscriptions,https://api.github.com/users/Hydrotoast/orgs,https://api.github.com/users/Hydrotoast/repos,https://api.github.com/users/Hydrotoast/events{/privacy},https://api.github.com/users/Hydrotoast/received_events
soumith,convnet-benchmarks,hfp,6748085,MDQ6VXNlcjY3NDgwODU=,,https://api.github.com/users/hfp,User,FALSE,1,https://avatars.githubusercontent.com/u/6748085?v=4,https://github.com/hfp,https://api.github.com/users/hfp/followers,https://api.github.com/users/hfp/following{/other_user},https://api.github.com/users/hfp/gists{/gist_id},https://api.github.com/users/hfp/starred{/owner}{/repo},https://api.github.com/users/hfp/subscriptions,https://api.github.com/users/hfp/orgs,https://api.github.com/users/hfp/repos,https://api.github.com/users/hfp/events{/privacy},https://api.github.com/users/hfp/received_events
soumith,convnet-benchmarks,goodfeli,387866,MDQ6VXNlcjM4Nzg2Ng==,,https://api.github.com/users/goodfeli,User,FALSE,1,https://avatars.githubusercontent.com/u/387866?v=4,https://github.com/goodfeli,https://api.github.com/users/goodfeli/followers,https://api.github.com/users/goodfeli/following{/other_user},https://api.github.com/users/goodfeli/gists{/gist_id},https://api.github.com/users/goodfeli/starred{/owner}{/repo},https://api.github.com/users/goodfeli/subscriptions,https://api.github.com/users/goodfeli/orgs,https://api.github.com/users/goodfeli/repos,https://api.github.com/users/goodfeli/events{/privacy},https://api.github.com/users/goodfeli/received_events
soumith,convnet-benchmarks,jonasrauber,5837385,MDQ6VXNlcjU4MzczODU=,,https://api.github.com/users/jonasrauber,User,FALSE,1,https://avatars.githubusercontent.com/u/5837385?v=4,https://github.com/jonasrauber,https://api.github.com/users/jonasrauber/followers,https://api.github.com/users/jonasrauber/following{/other_user},https://api.github.com/users/jonasrauber/gists{/gist_id},https://api.github.com/users/jonasrauber/starred{/owner}{/repo},https://api.github.com/users/jonasrauber/subscriptions,https://api.github.com/users/jonasrauber/orgs,https://api.github.com/users/jonasrauber/repos,https://api.github.com/users/jonasrauber/events{/privacy},https://api.github.com/users/jonasrauber/received_events
soumith,convnet-benchmarks,kshmelkov,10819534,MDQ6VXNlcjEwODE5NTM0,,https://api.github.com/users/kshmelkov,User,FALSE,1,https://avatars.githubusercontent.com/u/10819534?v=4,https://github.com/kshmelkov,https://api.github.com/users/kshmelkov/followers,https://api.github.com/users/kshmelkov/following{/other_user},https://api.github.com/users/kshmelkov/gists{/gist_id},https://api.github.com/users/kshmelkov/starred{/owner}{/repo},https://api.github.com/users/kshmelkov/subscriptions,https://api.github.com/users/kshmelkov/orgs,https://api.github.com/users/kshmelkov/repos,https://api.github.com/users/kshmelkov/events{/privacy},https://api.github.com/users/kshmelkov/received_events
soumith,convnet-benchmarks,lukeyeager,687269,MDQ6VXNlcjY4NzI2OQ==,,https://api.github.com/users/lukeyeager,User,FALSE,1,https://avatars.githubusercontent.com/u/687269?v=4,https://github.com/lukeyeager,https://api.github.com/users/lukeyeager/followers,https://api.github.com/users/lukeyeager/following{/other_user},https://api.github.com/users/lukeyeager/gists{/gist_id},https://api.github.com/users/lukeyeager/starred{/owner}{/repo},https://api.github.com/users/lukeyeager/subscriptions,https://api.github.com/users/lukeyeager/orgs,https://api.github.com/users/lukeyeager/repos,https://api.github.com/users/lukeyeager/events{/privacy},https://api.github.com/users/lukeyeager/received_events
soumith,convnet-benchmarks,Shmuma,66154,MDQ6VXNlcjY2MTU0,,https://api.github.com/users/Shmuma,User,FALSE,1,https://avatars.githubusercontent.com/u/66154?v=4,https://github.com/Shmuma,https://api.github.com/users/Shmuma/followers,https://api.github.com/users/Shmuma/following{/other_user},https://api.github.com/users/Shmuma/gists{/gist_id},https://api.github.com/users/Shmuma/starred{/owner}{/repo},https://api.github.com/users/Shmuma/subscriptions,https://api.github.com/users/Shmuma/orgs,https://api.github.com/users/Shmuma/repos,https://api.github.com/users/Shmuma/events{/privacy},https://api.github.com/users/Shmuma/received_events
soumith,convnet-benchmarks,okuta,7133388,MDQ6VXNlcjcxMzMzODg=,,https://api.github.com/users/okuta,User,FALSE,1,https://avatars.githubusercontent.com/u/7133388?v=4,https://github.com/okuta,https://api.github.com/users/okuta/followers,https://api.github.com/users/okuta/following{/other_user},https://api.github.com/users/okuta/gists{/gist_id},https://api.github.com/users/okuta/starred{/owner}{/repo},https://api.github.com/users/okuta/subscriptions,https://api.github.com/users/okuta/orgs,https://api.github.com/users/okuta/repos,https://api.github.com/users/okuta/events{/privacy},https://api.github.com/users/okuta/received_events
soumith,convnet-benchmarks,bryant1410,3905501,MDQ6VXNlcjM5MDU1MDE=,,https://api.github.com/users/bryant1410,User,FALSE,1,https://avatars.githubusercontent.com/u/3905501?v=4,https://github.com/bryant1410,https://api.github.com/users/bryant1410/followers,https://api.github.com/users/bryant1410/following{/other_user},https://api.github.com/users/bryant1410/gists{/gist_id},https://api.github.com/users/bryant1410/starred{/owner}{/repo},https://api.github.com/users/bryant1410/subscriptions,https://api.github.com/users/bryant1410/orgs,https://api.github.com/users/bryant1410/repos,https://api.github.com/users/bryant1410/events{/privacy},https://api.github.com/users/bryant1410/received_events
soumith,convnet-benchmarks,mitmul,666535,MDQ6VXNlcjY2NjUzNQ==,,https://api.github.com/users/mitmul,User,FALSE,1,https://avatars.githubusercontent.com/u/666535?v=4,https://github.com/mitmul,https://api.github.com/users/mitmul/followers,https://api.github.com/users/mitmul/following{/other_user},https://api.github.com/users/mitmul/gists{/gist_id},https://api.github.com/users/mitmul/starred{/owner}{/repo},https://api.github.com/users/mitmul/subscriptions,https://api.github.com/users/mitmul/orgs,https://api.github.com/users/mitmul/repos,https://api.github.com/users/mitmul/events{/privacy},https://api.github.com/users/mitmul/received_events
soumith,convnet-benchmarks,SoraLab,19500496,MDQ6VXNlcjE5NTAwNDk2,,https://api.github.com/users/SoraLab,User,FALSE,1,https://avatars.githubusercontent.com/u/19500496?v=4,https://github.com/SoraLab,https://api.github.com/users/SoraLab/followers,https://api.github.com/users/SoraLab/following{/other_user},https://api.github.com/users/SoraLab/gists{/gist_id},https://api.github.com/users/SoraLab/starred{/owner}{/repo},https://api.github.com/users/SoraLab/subscriptions,https://api.github.com/users/SoraLab/orgs,https://api.github.com/users/SoraLab/repos,https://api.github.com/users/SoraLab/events{/privacy},https://api.github.com/users/SoraLab/received_events
soumith,convnet-benchmarks,thouis,473043,MDQ6VXNlcjQ3MzA0Mw==,,https://api.github.com/users/thouis,User,FALSE,1,https://avatars.githubusercontent.com/u/473043?v=4,https://github.com/thouis,https://api.github.com/users/thouis/followers,https://api.github.com/users/thouis/following{/other_user},https://api.github.com/users/thouis/gists{/gist_id},https://api.github.com/users/thouis/starred{/owner}{/repo},https://api.github.com/users/thouis/subscriptions,https://api.github.com/users/thouis/orgs,https://api.github.com/users/thouis/repos,https://api.github.com/users/thouis/events{/privacy},https://api.github.com/users/thouis/received_events
soumith,convnet-benchmarks,vrv,463737,MDQ6VXNlcjQ2MzczNw==,,https://api.github.com/users/vrv,User,FALSE,1,https://avatars.githubusercontent.com/u/463737?v=4,https://github.com/vrv,https://api.github.com/users/vrv/followers,https://api.github.com/users/vrv/following{/other_user},https://api.github.com/users/vrv/gists{/gist_id},https://api.github.com/users/vrv/starred{/owner}{/repo},https://api.github.com/users/vrv/subscriptions,https://api.github.com/users/vrv/orgs,https://api.github.com/users/vrv/repos,https://api.github.com/users/vrv/events{/privacy},https://api.github.com/users/vrv/received_events
soumith,convnet-benchmarks,zheng-xq,15736910,MDQ6VXNlcjE1NzM2OTEw,,https://api.github.com/users/zheng-xq,User,FALSE,1,https://avatars.githubusercontent.com/u/15736910?v=4,https://github.com/zheng-xq,https://api.github.com/users/zheng-xq/followers,https://api.github.com/users/zheng-xq/following{/other_user},https://api.github.com/users/zheng-xq/gists{/gist_id},https://api.github.com/users/zheng-xq/starred{/owner}{/repo},https://api.github.com/users/zheng-xq/subscriptions,https://api.github.com/users/zheng-xq/orgs,https://api.github.com/users/zheng-xq/repos,https://api.github.com/users/zheng-xq/events{/privacy},https://api.github.com/users/zheng-xq/received_events
soumith,dcgan.torch,soumith,1310570,MDQ6VXNlcjEzMTA1NzA=,,https://api.github.com/users/soumith,User,FALSE,38,https://avatars.githubusercontent.com/u/1310570?v=4,https://github.com/soumith,https://api.github.com/users/soumith/followers,https://api.github.com/users/soumith/following{/other_user},https://api.github.com/users/soumith/gists{/gist_id},https://api.github.com/users/soumith/starred{/owner}{/repo},https://api.github.com/users/soumith/subscriptions,https://api.github.com/users/soumith/orgs,https://api.github.com/users/soumith/repos,https://api.github.com/users/soumith/events{/privacy},https://api.github.com/users/soumith/received_events
soumith,dcgan.torch,jshaw,288140,MDQ6VXNlcjI4ODE0MA==,,https://api.github.com/users/jshaw,User,FALSE,4,https://avatars.githubusercontent.com/u/288140?v=4,https://github.com/jshaw,https://api.github.com/users/jshaw/followers,https://api.github.com/users/jshaw/following{/other_user},https://api.github.com/users/jshaw/gists{/gist_id},https://api.github.com/users/jshaw/starred{/owner}{/repo},https://api.github.com/users/jshaw/subscriptions,https://api.github.com/users/jshaw/orgs,https://api.github.com/users/jshaw/repos,https://api.github.com/users/jshaw/events{/privacy},https://api.github.com/users/jshaw/received_events
soumith,dcgan.torch,jfsantos,5733,MDQ6VXNlcjU3MzM=,,https://api.github.com/users/jfsantos,User,FALSE,1,https://avatars.githubusercontent.com/u/5733?v=4,https://github.com/jfsantos,https://api.github.com/users/jfsantos/followers,https://api.github.com/users/jfsantos/following{/other_user},https://api.github.com/users/jfsantos/gists{/gist_id},https://api.github.com/users/jfsantos/starred{/owner}{/repo},https://api.github.com/users/jfsantos/subscriptions,https://api.github.com/users/jfsantos/orgs,https://api.github.com/users/jfsantos/repos,https://api.github.com/users/jfsantos/events{/privacy},https://api.github.com/users/jfsantos/received_events
soumith,dcgan.torch,gcinbis,499311,MDQ6VXNlcjQ5OTMxMQ==,,https://api.github.com/users/gcinbis,User,FALSE,1,https://avatars.githubusercontent.com/u/499311?v=4,https://github.com/gcinbis,https://api.github.com/users/gcinbis/followers,https://api.github.com/users/gcinbis/following{/other_user},https://api.github.com/users/gcinbis/gists{/gist_id},https://api.github.com/users/gcinbis/starred{/owner}{/repo},https://api.github.com/users/gcinbis/subscriptions,https://api.github.com/users/gcinbis/orgs,https://api.github.com/users/gcinbis/repos,https://api.github.com/users/gcinbis/events{/privacy},https://api.github.com/users/gcinbis/received_events
soumith,dcgan.torch,szagoruyko,4953728,MDQ6VXNlcjQ5NTM3Mjg=,,https://api.github.com/users/szagoruyko,User,FALSE,1,https://avatars.githubusercontent.com/u/4953728?v=4,https://github.com/szagoruyko,https://api.github.com/users/szagoruyko/followers,https://api.github.com/users/szagoruyko/following{/other_user},https://api.github.com/users/szagoruyko/gists{/gist_id},https://api.github.com/users/szagoruyko/starred{/owner}{/repo},https://api.github.com/users/szagoruyko/subscriptions,https://api.github.com/users/szagoruyko/orgs,https://api.github.com/users/szagoruyko/repos,https://api.github.com/users/szagoruyko/events{/privacy},https://api.github.com/users/szagoruyko/received_events
soumith,dcgan.torch,gwern,352559,MDQ6VXNlcjM1MjU1OQ==,,https://api.github.com/users/gwern,User,FALSE,1,https://avatars.githubusercontent.com/u/352559?v=4,https://github.com/gwern,https://api.github.com/users/gwern/followers,https://api.github.com/users/gwern/following{/other_user},https://api.github.com/users/gwern/gists{/gist_id},https://api.github.com/users/gwern/starred{/owner}{/repo},https://api.github.com/users/gwern/subscriptions,https://api.github.com/users/gwern/orgs,https://api.github.com/users/gwern/repos,https://api.github.com/users/gwern/events{/privacy},https://api.github.com/users/gwern/received_events
