issue_id,id,node_id,url,name,color,default,description
844722763,1645979775,MDU6TGFiZWwxNjQ1OTc5Nzc1,https://api.github.com/repos/eljog/agileboard-ui/labels/dependencies,dependencies,0366d6,FALSE,Pull requests that update a dependency file
825248215,1645979775,MDU6TGFiZWwxNjQ1OTc5Nzc1,https://api.github.com/repos/eljog/agileboard-ui/labels/dependencies,dependencies,0366d6,FALSE,Pull requests that update a dependency file
825245340,1645979775,MDU6TGFiZWwxNjQ1OTc5Nzc1,https://api.github.com/repos/eljog/agileboard-ui/labels/dependencies,dependencies,0366d6,FALSE,Pull requests that update a dependency file
825244930,1645979775,MDU6TGFiZWwxNjQ1OTc5Nzc1,https://api.github.com/repos/eljog/agileboard-ui/labels/dependencies,dependencies,0366d6,FALSE,Pull requests that update a dependency file
825183010,1645979775,MDU6TGFiZWwxNjQ1OTc5Nzc1,https://api.github.com/repos/eljog/agileboard-ui/labels/dependencies,dependencies,0366d6,FALSE,Pull requests that update a dependency file
780092997,1645979775,MDU6TGFiZWwxNjQ1OTc5Nzc1,https://api.github.com/repos/eljog/agileboard-ui/labels/dependencies,dependencies,0366d6,FALSE,Pull requests that update a dependency file
695384035,1645979775,MDU6TGFiZWwxNjQ1OTc5Nzc1,https://api.github.com/repos/eljog/agileboard-ui/labels/dependencies,dependencies,0366d6,FALSE,Pull requests that update a dependency file
693512680,1645979775,MDU6TGFiZWwxNjQ1OTc5Nzc1,https://api.github.com/repos/eljog/agileboard-ui/labels/dependencies,dependencies,0366d6,FALSE,Pull requests that update a dependency file
668747636,1645979775,MDU6TGFiZWwxNjQ1OTc5Nzc1,https://api.github.com/repos/eljog/agileboard-ui/labels/dependencies,dependencies,0366d6,FALSE,Pull requests that update a dependency file
632511242,1645979775,MDU6TGFiZWwxNjQ1OTc5Nzc1,https://api.github.com/repos/eljog/agileboard-ui/labels/dependencies,dependencies,0366d6,FALSE,Pull requests that update a dependency file
581117707,1645979775,MDU6TGFiZWwxNjQ1OTc5Nzc1,https://api.github.com/repos/eljog/agileboard-ui/labels/dependencies,dependencies,0366d6,FALSE,Pull requests that update a dependency file
543068120,1645979775,MDU6TGFiZWwxNjQ1OTc5Nzc1,https://api.github.com/repos/eljog/agileboard-ui/labels/dependencies,dependencies,0366d6,FALSE,Pull requests that update a dependency file
514240024,1645979775,MDU6TGFiZWwxNjQ1OTc5Nzc1,https://api.github.com/repos/eljog/agileboard-ui/labels/dependencies,dependencies,0366d6,FALSE,Pull requests that update a dependency file
679585079,2277970077,MDU6TGFiZWwyMjc3OTcwMDc3,https://api.github.com/repos/GeekMasher/geekmasher.dev/labels/dependencies,dependencies,0366d6,FALSE,Pull requests that update a dependency file
679585064,2277970077,MDU6TGFiZWwyMjc3OTcwMDc3,https://api.github.com/repos/GeekMasher/geekmasher.dev/labels/dependencies,dependencies,0366d6,FALSE,Pull requests that update a dependency file
679585030,2277970077,MDU6TGFiZWwyMjc3OTcwMDc3,https://api.github.com/repos/GeekMasher/geekmasher.dev/labels/dependencies,dependencies,0366d6,FALSE,Pull requests that update a dependency file
679584987,2277970077,MDU6TGFiZWwyMjc3OTcwMDc3,https://api.github.com/repos/GeekMasher/geekmasher.dev/labels/dependencies,dependencies,0366d6,FALSE,Pull requests that update a dependency file
679584952,2277970077,MDU6TGFiZWwyMjc3OTcwMDc3,https://api.github.com/repos/GeekMasher/geekmasher.dev/labels/dependencies,dependencies,0366d6,FALSE,Pull requests that update a dependency file
562226167,1536275895,MDU6TGFiZWwxNTM2Mjc1ODk1,https://api.github.com/repos/GeekMasher/geekmasher.dev/labels/renovate,renovate,ededed,FALSE,NA
526540535,1536275895,MDU6TGFiZWwxNTM2Mjc1ODk1,https://api.github.com/repos/GeekMasher/geekmasher.dev/labels/renovate,renovate,ededed,FALSE,NA
520885833,1536275895,MDU6TGFiZWwxNTM2Mjc1ODk1,https://api.github.com/repos/GeekMasher/geekmasher.dev/labels/renovate,renovate,ededed,FALSE,NA
501855908,1536275895,MDU6TGFiZWwxNTM2Mjc1ODk1,https://api.github.com/repos/GeekMasher/geekmasher.dev/labels/renovate,renovate,ededed,FALSE,NA
501855704,1536275895,MDU6TGFiZWwxNTM2Mjc1ODk1,https://api.github.com/repos/GeekMasher/geekmasher.dev/labels/renovate,renovate,ededed,FALSE,NA
501855469,1536275895,MDU6TGFiZWwxNTM2Mjc1ODk1,https://api.github.com/repos/GeekMasher/geekmasher.dev/labels/renovate,renovate,ededed,FALSE,NA
501854296,1536275895,MDU6TGFiZWwxNTM2Mjc1ODk1,https://api.github.com/repos/GeekMasher/geekmasher.dev/labels/renovate,renovate,ededed,FALSE,NA
495208113,1536275895,MDU6TGFiZWwxNTM2Mjc1ODk1,https://api.github.com/repos/GeekMasher/geekmasher.dev/labels/renovate,renovate,ededed,FALSE,NA
493744610,1536275895,MDU6TGFiZWwxNTM2Mjc1ODk1,https://api.github.com/repos/GeekMasher/geekmasher.dev/labels/renovate,renovate,ededed,FALSE,NA
490391715,1536275895,MDU6TGFiZWwxNTM2Mjc1ODk1,https://api.github.com/repos/GeekMasher/geekmasher.dev/labels/renovate,renovate,ededed,FALSE,NA
489975466,1536275895,MDU6TGFiZWwxNTM2Mjc1ODk1,https://api.github.com/repos/GeekMasher/geekmasher.dev/labels/renovate,renovate,ededed,FALSE,NA
489754374,1536275895,MDU6TGFiZWwxNTM2Mjc1ODk1,https://api.github.com/repos/GeekMasher/geekmasher.dev/labels/renovate,renovate,ededed,FALSE,NA
489753837,1536275895,MDU6TGFiZWwxNTM2Mjc1ODk1,https://api.github.com/repos/GeekMasher/geekmasher.dev/labels/renovate,renovate,ededed,FALSE,NA
489753390,1536275895,MDU6TGFiZWwxNTM2Mjc1ODk1,https://api.github.com/repos/GeekMasher/geekmasher.dev/labels/renovate,renovate,ededed,FALSE,NA
489725690,1536275895,MDU6TGFiZWwxNTM2Mjc1ODk1,https://api.github.com/repos/GeekMasher/geekmasher.dev/labels/renovate,renovate,ededed,FALSE,NA
489724923,1536275895,MDU6TGFiZWwxNTM2Mjc1ODk1,https://api.github.com/repos/GeekMasher/geekmasher.dev/labels/renovate,renovate,ededed,FALSE,NA
489724809,1536275895,MDU6TGFiZWwxNTM2Mjc1ODk1,https://api.github.com/repos/GeekMasher/geekmasher.dev/labels/renovate,renovate,ededed,FALSE,NA
489724375,1536275895,MDU6TGFiZWwxNTM2Mjc1ODk1,https://api.github.com/repos/GeekMasher/geekmasher.dev/labels/renovate,renovate,ededed,FALSE,NA
489277458,1536275895,MDU6TGFiZWwxNTM2Mjc1ODk1,https://api.github.com/repos/GeekMasher/geekmasher.dev/labels/renovate,renovate,ededed,FALSE,NA
489277017,1536275895,MDU6TGFiZWwxNTM2Mjc1ODk1,https://api.github.com/repos/GeekMasher/geekmasher.dev/labels/renovate,renovate,ededed,FALSE,NA
489276662,1536275895,MDU6TGFiZWwxNTM2Mjc1ODk1,https://api.github.com/repos/GeekMasher/geekmasher.dev/labels/renovate,renovate,ededed,FALSE,NA
489276285,1536275895,MDU6TGFiZWwxNTM2Mjc1ODk1,https://api.github.com/repos/GeekMasher/geekmasher.dev/labels/renovate,renovate,ededed,FALSE,NA
489135415,1536275895,MDU6TGFiZWwxNTM2Mjc1ODk1,https://api.github.com/repos/GeekMasher/geekmasher.dev/labels/renovate,renovate,ededed,FALSE,NA
489134520,1536275895,MDU6TGFiZWwxNTM2Mjc1ODk1,https://api.github.com/repos/GeekMasher/geekmasher.dev/labels/renovate,renovate,ededed,FALSE,NA
489134045,1536275895,MDU6TGFiZWwxNTM2Mjc1ODk1,https://api.github.com/repos/GeekMasher/geekmasher.dev/labels/renovate,renovate,ededed,FALSE,NA
489133611,1536275895,MDU6TGFiZWwxNTM2Mjc1ODk1,https://api.github.com/repos/GeekMasher/geekmasher.dev/labels/renovate,renovate,ededed,FALSE,NA
489110830,1536275895,MDU6TGFiZWwxNTM2Mjc1ODk1,https://api.github.com/repos/GeekMasher/geekmasher.dev/labels/renovate,renovate,ededed,FALSE,NA
489110493,1536275895,MDU6TGFiZWwxNTM2Mjc1ODk1,https://api.github.com/repos/GeekMasher/geekmasher.dev/labels/renovate,renovate,ededed,FALSE,NA
489110107,1536275895,MDU6TGFiZWwxNTM2Mjc1ODk1,https://api.github.com/repos/GeekMasher/geekmasher.dev/labels/renovate,renovate,ededed,FALSE,NA
489109731,1536275895,MDU6TGFiZWwxNTM2Mjc1ODk1,https://api.github.com/repos/GeekMasher/geekmasher.dev/labels/renovate,renovate,ededed,FALSE,NA
489080515,1536275895,MDU6TGFiZWwxNTM2Mjc1ODk1,https://api.github.com/repos/GeekMasher/geekmasher.dev/labels/renovate,renovate,ededed,FALSE,NA
489080164,1536275895,MDU6TGFiZWwxNTM2Mjc1ODk1,https://api.github.com/repos/GeekMasher/geekmasher.dev/labels/renovate,renovate,ededed,FALSE,NA
489079818,1536275895,MDU6TGFiZWwxNTM2Mjc1ODk1,https://api.github.com/repos/GeekMasher/geekmasher.dev/labels/renovate,renovate,ededed,FALSE,NA
489079426,1536275895,MDU6TGFiZWwxNTM2Mjc1ODk1,https://api.github.com/repos/GeekMasher/geekmasher.dev/labels/renovate,renovate,ededed,FALSE,NA
832266664,1500846834,MDU6TGFiZWwxNTAwODQ2ODM0,https://api.github.com/repos/hmarr/auto-approve-action/labels/dependencies,dependencies,0366d6,FALSE,Pull requests that update a dependency file
818478849,1500846834,MDU6TGFiZWwxNTAwODQ2ODM0,https://api.github.com/repos/hmarr/auto-approve-action/labels/dependencies,dependencies,0366d6,FALSE,Pull requests that update a dependency file
818478579,1500846834,MDU6TGFiZWwxNTAwODQ2ODM0,https://api.github.com/repos/hmarr/auto-approve-action/labels/dependencies,dependencies,0366d6,FALSE,Pull requests that update a dependency file
797968169,1500846834,MDU6TGFiZWwxNTAwODQ2ODM0,https://api.github.com/repos/hmarr/auto-approve-action/labels/dependencies,dependencies,0366d6,FALSE,Pull requests that update a dependency file
777205277,1500846834,MDU6TGFiZWwxNTAwODQ2ODM0,https://api.github.com/repos/hmarr/auto-approve-action/labels/dependencies,dependencies,0366d6,FALSE,Pull requests that update a dependency file
777205092,1500846834,MDU6TGFiZWwxNTAwODQ2ODM0,https://api.github.com/repos/hmarr/auto-approve-action/labels/dependencies,dependencies,0366d6,FALSE,Pull requests that update a dependency file
754027126,1500846834,MDU6TGFiZWwxNTAwODQ2ODM0,https://api.github.com/repos/hmarr/auto-approve-action/labels/dependencies,dependencies,0366d6,FALSE,Pull requests that update a dependency file
754026874,1500846834,MDU6TGFiZWwxNTAwODQ2ODM0,https://api.github.com/repos/hmarr/auto-approve-action/labels/dependencies,dependencies,0366d6,FALSE,Pull requests that update a dependency file
754026758,1500846834,MDU6TGFiZWwxNTAwODQ2ODM0,https://api.github.com/repos/hmarr/auto-approve-action/labels/dependencies,dependencies,0366d6,FALSE,Pull requests that update a dependency file
733879674,1500846834,MDU6TGFiZWwxNTAwODQ2ODM0,https://api.github.com/repos/hmarr/auto-approve-action/labels/dependencies,dependencies,0366d6,FALSE,Pull requests that update a dependency file
733879374,1500846834,MDU6TGFiZWwxNTAwODQ2ODM0,https://api.github.com/repos/hmarr/auto-approve-action/labels/dependencies,dependencies,0366d6,FALSE,Pull requests that update a dependency file
715836312,1500846834,MDU6TGFiZWwxNTAwODQ2ODM0,https://api.github.com/repos/hmarr/auto-approve-action/labels/dependencies,dependencies,0366d6,FALSE,Pull requests that update a dependency file
715342641,1500846834,MDU6TGFiZWwxNTAwODQ2ODM0,https://api.github.com/repos/hmarr/auto-approve-action/labels/dependencies,dependencies,0366d6,FALSE,Pull requests that update a dependency file
707856623,1500846834,MDU6TGFiZWwxNTAwODQ2ODM0,https://api.github.com/repos/hmarr/auto-approve-action/labels/dependencies,dependencies,0366d6,FALSE,Pull requests that update a dependency file
706083385,1500846834,MDU6TGFiZWwxNTAwODQ2ODM0,https://api.github.com/repos/hmarr/auto-approve-action/labels/dependencies,dependencies,0366d6,FALSE,Pull requests that update a dependency file
705290053,1500846834,MDU6TGFiZWwxNTAwODQ2ODM0,https://api.github.com/repos/hmarr/auto-approve-action/labels/dependencies,dependencies,0366d6,FALSE,Pull requests that update a dependency file
704085208,1500846834,MDU6TGFiZWwxNTAwODQ2ODM0,https://api.github.com/repos/hmarr/auto-approve-action/labels/dependencies,dependencies,0366d6,FALSE,Pull requests that update a dependency file
703266700,1500846834,MDU6TGFiZWwxNTAwODQ2ODM0,https://api.github.com/repos/hmarr/auto-approve-action/labels/dependencies,dependencies,0366d6,FALSE,Pull requests that update a dependency file
702452093,1500846834,MDU6TGFiZWwxNTAwODQ2ODM0,https://api.github.com/repos/hmarr/auto-approve-action/labels/dependencies,dependencies,0366d6,FALSE,Pull requests that update a dependency file
702452056,1500846834,MDU6TGFiZWwxNTAwODQ2ODM0,https://api.github.com/repos/hmarr/auto-approve-action/labels/dependencies,dependencies,0366d6,FALSE,Pull requests that update a dependency file
700762368,1500846834,MDU6TGFiZWwxNTAwODQ2ODM0,https://api.github.com/repos/hmarr/auto-approve-action/labels/dependencies,dependencies,0366d6,FALSE,Pull requests that update a dependency file
700135848,1500846834,MDU6TGFiZWwxNTAwODQ2ODM0,https://api.github.com/repos/hmarr/auto-approve-action/labels/dependencies,dependencies,0366d6,FALSE,Pull requests that update a dependency file
698852252,1500846834,MDU6TGFiZWwxNTAwODQ2ODM0,https://api.github.com/repos/hmarr/auto-approve-action/labels/dependencies,dependencies,0366d6,FALSE,Pull requests that update a dependency file
692721059,1500846834,MDU6TGFiZWwxNTAwODQ2ODM0,https://api.github.com/repos/hmarr/auto-approve-action/labels/dependencies,dependencies,0366d6,FALSE,Pull requests that update a dependency file
691642005,1500846834,MDU6TGFiZWwxNTAwODQ2ODM0,https://api.github.com/repos/hmarr/auto-approve-action/labels/dependencies,dependencies,0366d6,FALSE,Pull requests that update a dependency file
688899252,1500846834,MDU6TGFiZWwxNTAwODQ2ODM0,https://api.github.com/repos/hmarr/auto-approve-action/labels/dependencies,dependencies,0366d6,FALSE,Pull requests that update a dependency file
687715923,1500846834,MDU6TGFiZWwxNTAwODQ2ODM0,https://api.github.com/repos/hmarr/auto-approve-action/labels/dependencies,dependencies,0366d6,FALSE,Pull requests that update a dependency file
686941246,1500846834,MDU6TGFiZWwxNTAwODQ2ODM0,https://api.github.com/repos/hmarr/auto-approve-action/labels/dependencies,dependencies,0366d6,FALSE,Pull requests that update a dependency file
686008781,1500846834,MDU6TGFiZWwxNTAwODQ2ODM0,https://api.github.com/repos/hmarr/auto-approve-action/labels/dependencies,dependencies,0366d6,FALSE,Pull requests that update a dependency file
685176760,1500846834,MDU6TGFiZWwxNTAwODQ2ODM0,https://api.github.com/repos/hmarr/auto-approve-action/labels/dependencies,dependencies,0366d6,FALSE,Pull requests that update a dependency file
683264027,1500846834,MDU6TGFiZWwxNTAwODQ2ODM0,https://api.github.com/repos/hmarr/auto-approve-action/labels/dependencies,dependencies,0366d6,FALSE,Pull requests that update a dependency file
680691335,1500846834,MDU6TGFiZWwxNTAwODQ2ODM0,https://api.github.com/repos/hmarr/auto-approve-action/labels/dependencies,dependencies,0366d6,FALSE,Pull requests that update a dependency file
667557507,1500846834,MDU6TGFiZWwxNTAwODQ2ODM0,https://api.github.com/repos/hmarr/auto-approve-action/labels/dependencies,dependencies,0366d6,FALSE,Pull requests that update a dependency file
665978109,1500846834,MDU6TGFiZWwxNTAwODQ2ODM0,https://api.github.com/repos/hmarr/auto-approve-action/labels/dependencies,dependencies,0366d6,FALSE,Pull requests that update a dependency file
664918776,1500846834,MDU6TGFiZWwxNTAwODQ2ODM0,https://api.github.com/repos/hmarr/auto-approve-action/labels/dependencies,dependencies,0366d6,FALSE,Pull requests that update a dependency file
662590255,1500846834,MDU6TGFiZWwxNTAwODQ2ODM0,https://api.github.com/repos/hmarr/auto-approve-action/labels/dependencies,dependencies,0366d6,FALSE,Pull requests that update a dependency file
658863812,1500846834,MDU6TGFiZWwxNTAwODQ2ODM0,https://api.github.com/repos/hmarr/auto-approve-action/labels/dependencies,dependencies,0366d6,FALSE,Pull requests that update a dependency file
656328624,1500846834,MDU6TGFiZWwxNTAwODQ2ODM0,https://api.github.com/repos/hmarr/auto-approve-action/labels/dependencies,dependencies,0366d6,FALSE,Pull requests that update a dependency file
653764742,1500846834,MDU6TGFiZWwxNTAwODQ2ODM0,https://api.github.com/repos/hmarr/auto-approve-action/labels/dependencies,dependencies,0366d6,FALSE,Pull requests that update a dependency file
652965503,1500846834,MDU6TGFiZWwxNTAwODQ2ODM0,https://api.github.com/repos/hmarr/auto-approve-action/labels/dependencies,dependencies,0366d6,FALSE,Pull requests that update a dependency file
652000851,1500846834,MDU6TGFiZWwxNTAwODQ2ODM0,https://api.github.com/repos/hmarr/auto-approve-action/labels/dependencies,dependencies,0366d6,FALSE,Pull requests that update a dependency file
649636602,1500846834,MDU6TGFiZWwxNTAwODQ2ODM0,https://api.github.com/repos/hmarr/auto-approve-action/labels/dependencies,dependencies,0366d6,FALSE,Pull requests that update a dependency file
647116906,1500846834,MDU6TGFiZWwxNTAwODQ2ODM0,https://api.github.com/repos/hmarr/auto-approve-action/labels/dependencies,dependencies,0366d6,FALSE,Pull requests that update a dependency file
645154756,1500846834,MDU6TGFiZWwxNTAwODQ2ODM0,https://api.github.com/repos/hmarr/auto-approve-action/labels/dependencies,dependencies,0366d6,FALSE,Pull requests that update a dependency file
635930599,1500846834,MDU6TGFiZWwxNTAwODQ2ODM0,https://api.github.com/repos/hmarr/auto-approve-action/labels/dependencies,dependencies,0366d6,FALSE,Pull requests that update a dependency file
635114698,1500846834,MDU6TGFiZWwxNTAwODQ2ODM0,https://api.github.com/repos/hmarr/auto-approve-action/labels/dependencies,dependencies,0366d6,FALSE,Pull requests that update a dependency file
631313277,1500846834,MDU6TGFiZWwxNTAwODQ2ODM0,https://api.github.com/repos/hmarr/auto-approve-action/labels/dependencies,dependencies,0366d6,FALSE,Pull requests that update a dependency file
631313221,1500846834,MDU6TGFiZWwxNTAwODQ2ODM0,https://api.github.com/repos/hmarr/auto-approve-action/labels/dependencies,dependencies,0366d6,FALSE,Pull requests that update a dependency file
630512790,1500846834,MDU6TGFiZWwxNTAwODQ2ODM0,https://api.github.com/repos/hmarr/auto-approve-action/labels/dependencies,dependencies,0366d6,FALSE,Pull requests that update a dependency file
630512733,1500846834,MDU6TGFiZWwxNTAwODQ2ODM0,https://api.github.com/repos/hmarr/auto-approve-action/labels/dependencies,dependencies,0366d6,FALSE,Pull requests that update a dependency file
628901716,1500846834,MDU6TGFiZWwxNTAwODQ2ODM0,https://api.github.com/repos/hmarr/auto-approve-action/labels/dependencies,dependencies,0366d6,FALSE,Pull requests that update a dependency file
628153227,1500846834,MDU6TGFiZWwxNTAwODQ2ODM0,https://api.github.com/repos/hmarr/auto-approve-action/labels/dependencies,dependencies,0366d6,FALSE,Pull requests that update a dependency file
624045819,1500846834,MDU6TGFiZWwxNTAwODQ2ODM0,https://api.github.com/repos/hmarr/auto-approve-action/labels/dependencies,dependencies,0366d6,FALSE,Pull requests that update a dependency file
622951129,1500846834,MDU6TGFiZWwxNTAwODQ2ODM0,https://api.github.com/repos/hmarr/auto-approve-action/labels/dependencies,dependencies,0366d6,FALSE,Pull requests that update a dependency file
621461173,1500846834,MDU6TGFiZWwxNTAwODQ2ODM0,https://api.github.com/repos/hmarr/auto-approve-action/labels/dependencies,dependencies,0366d6,FALSE,Pull requests that update a dependency file
621461130,1500846834,MDU6TGFiZWwxNTAwODQ2ODM0,https://api.github.com/repos/hmarr/auto-approve-action/labels/dependencies,dependencies,0366d6,FALSE,Pull requests that update a dependency file
620678985,1500846834,MDU6TGFiZWwxNTAwODQ2ODM0,https://api.github.com/repos/hmarr/auto-approve-action/labels/dependencies,dependencies,0366d6,FALSE,Pull requests that update a dependency file
617143062,1500846834,MDU6TGFiZWwxNTAwODQ2ODM0,https://api.github.com/repos/hmarr/auto-approve-action/labels/dependencies,dependencies,0366d6,FALSE,Pull requests that update a dependency file
617142950,1500846834,MDU6TGFiZWwxNTAwODQ2ODM0,https://api.github.com/repos/hmarr/auto-approve-action/labels/dependencies,dependencies,0366d6,FALSE,Pull requests that update a dependency file
614504655,1500846834,MDU6TGFiZWwxNTAwODQ2ODM0,https://api.github.com/repos/hmarr/auto-approve-action/labels/dependencies,dependencies,0366d6,FALSE,Pull requests that update a dependency file
613051360,1500846834,MDU6TGFiZWwxNTAwODQ2ODM0,https://api.github.com/repos/hmarr/auto-approve-action/labels/dependencies,dependencies,0366d6,FALSE,Pull requests that update a dependency file
610564124,1500846834,MDU6TGFiZWwxNTAwODQ2ODM0,https://api.github.com/repos/hmarr/auto-approve-action/labels/dependencies,dependencies,0366d6,FALSE,Pull requests that update a dependency file
607234742,1500846834,MDU6TGFiZWwxNTAwODQ2ODM0,https://api.github.com/repos/hmarr/auto-approve-action/labels/dependencies,dependencies,0366d6,FALSE,Pull requests that update a dependency file
604456408,1500846834,MDU6TGFiZWwxNTAwODQ2ODM0,https://api.github.com/repos/hmarr/auto-approve-action/labels/dependencies,dependencies,0366d6,FALSE,Pull requests that update a dependency file
604456343,1500846834,MDU6TGFiZWwxNTAwODQ2ODM0,https://api.github.com/repos/hmarr/auto-approve-action/labels/dependencies,dependencies,0366d6,FALSE,Pull requests that update a dependency file
603706735,1500846834,MDU6TGFiZWwxNTAwODQ2ODM0,https://api.github.com/repos/hmarr/auto-approve-action/labels/dependencies,dependencies,0366d6,FALSE,Pull requests that update a dependency file
602941107,1500846834,MDU6TGFiZWwxNTAwODQ2ODM0,https://api.github.com/repos/hmarr/auto-approve-action/labels/dependencies,dependencies,0366d6,FALSE,Pull requests that update a dependency file
597021941,1500846834,MDU6TGFiZWwxNTAwODQ2ODM0,https://api.github.com/repos/hmarr/auto-approve-action/labels/dependencies,dependencies,0366d6,FALSE,Pull requests that update a dependency file
595654605,1500846834,MDU6TGFiZWwxNTAwODQ2ODM0,https://api.github.com/repos/hmarr/auto-approve-action/labels/dependencies,dependencies,0366d6,FALSE,Pull requests that update a dependency file
595654576,1500846834,MDU6TGFiZWwxNTAwODQ2ODM0,https://api.github.com/repos/hmarr/auto-approve-action/labels/dependencies,dependencies,0366d6,FALSE,Pull requests that update a dependency file
593214947,1500846834,MDU6TGFiZWwxNTAwODQ2ODM0,https://api.github.com/repos/hmarr/auto-approve-action/labels/dependencies,dependencies,0366d6,FALSE,Pull requests that update a dependency file
591522560,1500846834,MDU6TGFiZWwxNTAwODQ2ODM0,https://api.github.com/repos/hmarr/auto-approve-action/labels/dependencies,dependencies,0366d6,FALSE,Pull requests that update a dependency file
589993975,1500846834,MDU6TGFiZWwxNTAwODQ2ODM0,https://api.github.com/repos/hmarr/auto-approve-action/labels/dependencies,dependencies,0366d6,FALSE,Pull requests that update a dependency file
588156791,1500846834,MDU6TGFiZWwxNTAwODQ2ODM0,https://api.github.com/repos/hmarr/auto-approve-action/labels/dependencies,dependencies,0366d6,FALSE,Pull requests that update a dependency file
586693133,1500846834,MDU6TGFiZWwxNTAwODQ2ODM0,https://api.github.com/repos/hmarr/auto-approve-action/labels/dependencies,dependencies,0366d6,FALSE,Pull requests that update a dependency file
586693125,1500846834,MDU6TGFiZWwxNTAwODQ2ODM0,https://api.github.com/repos/hmarr/auto-approve-action/labels/dependencies,dependencies,0366d6,FALSE,Pull requests that update a dependency file
585931087,1500846834,MDU6TGFiZWwxNTAwODQ2ODM0,https://api.github.com/repos/hmarr/auto-approve-action/labels/dependencies,dependencies,0366d6,FALSE,Pull requests that update a dependency file
585931063,1500846834,MDU6TGFiZWwxNTAwODQ2ODM0,https://api.github.com/repos/hmarr/auto-approve-action/labels/dependencies,dependencies,0366d6,FALSE,Pull requests that update a dependency file
584845545,1500846834,MDU6TGFiZWwxNTAwODQ2ODM0,https://api.github.com/repos/hmarr/auto-approve-action/labels/dependencies,dependencies,0366d6,FALSE,Pull requests that update a dependency file
580372483,1500846834,MDU6TGFiZWwxNTAwODQ2ODM0,https://api.github.com/repos/hmarr/auto-approve-action/labels/dependencies,dependencies,0366d6,FALSE,Pull requests that update a dependency file
577659751,1500846834,MDU6TGFiZWwxNTAwODQ2ODM0,https://api.github.com/repos/hmarr/auto-approve-action/labels/dependencies,dependencies,0366d6,FALSE,Pull requests that update a dependency file
574417139,1500846834,MDU6TGFiZWwxNTAwODQ2ODM0,https://api.github.com/repos/hmarr/auto-approve-action/labels/dependencies,dependencies,0366d6,FALSE,Pull requests that update a dependency file
573717671,1500846834,MDU6TGFiZWwxNTAwODQ2ODM0,https://api.github.com/repos/hmarr/auto-approve-action/labels/dependencies,dependencies,0366d6,FALSE,Pull requests that update a dependency file
573717649,1500846834,MDU6TGFiZWwxNTAwODQ2ODM0,https://api.github.com/repos/hmarr/auto-approve-action/labels/dependencies,dependencies,0366d6,FALSE,Pull requests that update a dependency file
571439192,1500846834,MDU6TGFiZWwxNTAwODQ2ODM0,https://api.github.com/repos/hmarr/auto-approve-action/labels/dependencies,dependencies,0366d6,FALSE,Pull requests that update a dependency file
569636734,1500846834,MDU6TGFiZWwxNTAwODQ2ODM0,https://api.github.com/repos/hmarr/auto-approve-action/labels/dependencies,dependencies,0366d6,FALSE,Pull requests that update a dependency file
569636709,1500846834,MDU6TGFiZWwxNTAwODQ2ODM0,https://api.github.com/repos/hmarr/auto-approve-action/labels/dependencies,dependencies,0366d6,FALSE,Pull requests that update a dependency file
568052093,1500846834,MDU6TGFiZWwxNTAwODQ2ODM0,https://api.github.com/repos/hmarr/auto-approve-action/labels/dependencies,dependencies,0366d6,FALSE,Pull requests that update a dependency file
567317451,1500846834,MDU6TGFiZWwxNTAwODQ2ODM0,https://api.github.com/repos/hmarr/auto-approve-action/labels/dependencies,dependencies,0366d6,FALSE,Pull requests that update a dependency file
564441169,1500846834,MDU6TGFiZWwxNTAwODQ2ODM0,https://api.github.com/repos/hmarr/auto-approve-action/labels/dependencies,dependencies,0366d6,FALSE,Pull requests that update a dependency file
563754299,1500846834,MDU6TGFiZWwxNTAwODQ2ODM0,https://api.github.com/repos/hmarr/auto-approve-action/labels/dependencies,dependencies,0366d6,FALSE,Pull requests that update a dependency file
562325377,1500846834,MDU6TGFiZWwxNTAwODQ2ODM0,https://api.github.com/repos/hmarr/auto-approve-action/labels/dependencies,dependencies,0366d6,FALSE,Pull requests that update a dependency file
562325373,1500846834,MDU6TGFiZWwxNTAwODQ2ODM0,https://api.github.com/repos/hmarr/auto-approve-action/labels/dependencies,dependencies,0366d6,FALSE,Pull requests that update a dependency file
561653004,1500846834,MDU6TGFiZWwxNTAwODQ2ODM0,https://api.github.com/repos/hmarr/auto-approve-action/labels/dependencies,dependencies,0366d6,FALSE,Pull requests that update a dependency file
558917973,1500846834,MDU6TGFiZWwxNTAwODQ2ODM0,https://api.github.com/repos/hmarr/auto-approve-action/labels/dependencies,dependencies,0366d6,FALSE,Pull requests that update a dependency file
557980417,1500846834,MDU6TGFiZWwxNTAwODQ2ODM0,https://api.github.com/repos/hmarr/auto-approve-action/labels/dependencies,dependencies,0366d6,FALSE,Pull requests that update a dependency file
557325409,1500846834,MDU6TGFiZWwxNTAwODQ2ODM0,https://api.github.com/repos/hmarr/auto-approve-action/labels/dependencies,dependencies,0366d6,FALSE,Pull requests that update a dependency file
556694392,1500846834,MDU6TGFiZWwxNTAwODQ2ODM0,https://api.github.com/repos/hmarr/auto-approve-action/labels/dependencies,dependencies,0366d6,FALSE,Pull requests that update a dependency file
554593583,1500846834,MDU6TGFiZWwxNTAwODQ2ODM0,https://api.github.com/repos/hmarr/auto-approve-action/labels/dependencies,dependencies,0366d6,FALSE,Pull requests that update a dependency file
554593325,1500846834,MDU6TGFiZWwxNTAwODQ2ODM0,https://api.github.com/repos/hmarr/auto-approve-action/labels/dependencies,dependencies,0366d6,FALSE,Pull requests that update a dependency file
552144498,1500846834,MDU6TGFiZWwxNTAwODQ2ODM0,https://api.github.com/repos/hmarr/auto-approve-action/labels/dependencies,dependencies,0366d6,FALSE,Pull requests that update a dependency file
551258373,1500846834,MDU6TGFiZWwxNTAwODQ2ODM0,https://api.github.com/repos/hmarr/auto-approve-action/labels/dependencies,dependencies,0366d6,FALSE,Pull requests that update a dependency file
550636307,1500846834,MDU6TGFiZWwxNTAwODQ2ODM0,https://api.github.com/repos/hmarr/auto-approve-action/labels/dependencies,dependencies,0366d6,FALSE,Pull requests that update a dependency file
548775710,1500846834,MDU6TGFiZWwxNTAwODQ2ODM0,https://api.github.com/repos/hmarr/auto-approve-action/labels/dependencies,dependencies,0366d6,FALSE,Pull requests that update a dependency file
548461583,1500846834,MDU6TGFiZWwxNTAwODQ2ODM0,https://api.github.com/repos/hmarr/auto-approve-action/labels/dependencies,dependencies,0366d6,FALSE,Pull requests that update a dependency file
547920350,1500846834,MDU6TGFiZWwxNTAwODQ2ODM0,https://api.github.com/repos/hmarr/auto-approve-action/labels/dependencies,dependencies,0366d6,FALSE,Pull requests that update a dependency file
547312214,1500846834,MDU6TGFiZWwxNTAwODQ2ODM0,https://api.github.com/repos/hmarr/auto-approve-action/labels/dependencies,dependencies,0366d6,FALSE,Pull requests that update a dependency file
545593330,1500846834,MDU6TGFiZWwxNTAwODQ2ODM0,https://api.github.com/repos/hmarr/auto-approve-action/labels/dependencies,dependencies,0366d6,FALSE,Pull requests that update a dependency file
545593189,1500846834,MDU6TGFiZWwxNTAwODQ2ODM0,https://api.github.com/repos/hmarr/auto-approve-action/labels/dependencies,dependencies,0366d6,FALSE,Pull requests that update a dependency file
544116354,1500846834,MDU6TGFiZWwxNTAwODQ2ODM0,https://api.github.com/repos/hmarr/auto-approve-action/labels/dependencies,dependencies,0366d6,FALSE,Pull requests that update a dependency file
542785089,1500846834,MDU6TGFiZWwxNTAwODQ2ODM0,https://api.github.com/repos/hmarr/auto-approve-action/labels/dependencies,dependencies,0366d6,FALSE,Pull requests that update a dependency file
542281644,1500846834,MDU6TGFiZWwxNTAwODQ2ODM0,https://api.github.com/repos/hmarr/auto-approve-action/labels/dependencies,dependencies,0366d6,FALSE,Pull requests that update a dependency file
541630500,1500846834,MDU6TGFiZWwxNTAwODQ2ODM0,https://api.github.com/repos/hmarr/auto-approve-action/labels/dependencies,dependencies,0366d6,FALSE,Pull requests that update a dependency file
540148031,1500846834,MDU6TGFiZWwxNTAwODQ2ODM0,https://api.github.com/repos/hmarr/auto-approve-action/labels/dependencies,dependencies,0366d6,FALSE,Pull requests that update a dependency file
539504251,1500846834,MDU6TGFiZWwxNTAwODQ2ODM0,https://api.github.com/repos/hmarr/auto-approve-action/labels/dependencies,dependencies,0366d6,FALSE,Pull requests that update a dependency file
538886058,1500846834,MDU6TGFiZWwxNTAwODQ2ODM0,https://api.github.com/repos/hmarr/auto-approve-action/labels/dependencies,dependencies,0366d6,FALSE,Pull requests that update a dependency file
536198519,1500846834,MDU6TGFiZWwxNTAwODQ2ODM0,https://api.github.com/repos/hmarr/auto-approve-action/labels/dependencies,dependencies,0366d6,FALSE,Pull requests that update a dependency file
535560884,1500846834,MDU6TGFiZWwxNTAwODQ2ODM0,https://api.github.com/repos/hmarr/auto-approve-action/labels/dependencies,dependencies,0366d6,FALSE,Pull requests that update a dependency file
535560681,1500846834,MDU6TGFiZWwxNTAwODQ2ODM0,https://api.github.com/repos/hmarr/auto-approve-action/labels/dependencies,dependencies,0366d6,FALSE,Pull requests that update a dependency file
533177920,1500846834,MDU6TGFiZWwxNTAwODQ2ODM0,https://api.github.com/repos/hmarr/auto-approve-action/labels/dependencies,dependencies,0366d6,FALSE,Pull requests that update a dependency file
528543231,1500846834,MDU6TGFiZWwxNTAwODQ2ODM0,https://api.github.com/repos/hmarr/auto-approve-action/labels/dependencies,dependencies,0366d6,FALSE,Pull requests that update a dependency file
527916389,1500846834,MDU6TGFiZWwxNTAwODQ2ODM0,https://api.github.com/repos/hmarr/auto-approve-action/labels/dependencies,dependencies,0366d6,FALSE,Pull requests that update a dependency file
525630806,1500846834,MDU6TGFiZWwxNTAwODQ2ODM0,https://api.github.com/repos/hmarr/auto-approve-action/labels/dependencies,dependencies,0366d6,FALSE,Pull requests that update a dependency file
524831296,1500846834,MDU6TGFiZWwxNTAwODQ2ODM0,https://api.github.com/repos/hmarr/auto-approve-action/labels/dependencies,dependencies,0366d6,FALSE,Pull requests that update a dependency file
524199282,1500846834,MDU6TGFiZWwxNTAwODQ2ODM0,https://api.github.com/repos/hmarr/auto-approve-action/labels/dependencies,dependencies,0366d6,FALSE,Pull requests that update a dependency file
520877591,1500846834,MDU6TGFiZWwxNTAwODQ2ODM0,https://api.github.com/repos/hmarr/auto-approve-action/labels/dependencies,dependencies,0366d6,FALSE,Pull requests that update a dependency file
520877466,1500846834,MDU6TGFiZWwxNTAwODQ2ODM0,https://api.github.com/repos/hmarr/auto-approve-action/labels/dependencies,dependencies,0366d6,FALSE,Pull requests that update a dependency file
518298864,1500846834,MDU6TGFiZWwxNTAwODQ2ODM0,https://api.github.com/repos/hmarr/auto-approve-action/labels/dependencies,dependencies,0366d6,FALSE,Pull requests that update a dependency file
518298698,1500846834,MDU6TGFiZWwxNTAwODQ2ODM0,https://api.github.com/repos/hmarr/auto-approve-action/labels/dependencies,dependencies,0366d6,FALSE,Pull requests that update a dependency file
517623102,1500846834,MDU6TGFiZWwxNTAwODQ2ODM0,https://api.github.com/repos/hmarr/auto-approve-action/labels/dependencies,dependencies,0366d6,FALSE,Pull requests that update a dependency file
514678553,1500846834,MDU6TGFiZWwxNTAwODQ2ODM0,https://api.github.com/repos/hmarr/auto-approve-action/labels/dependencies,dependencies,0366d6,FALSE,Pull requests that update a dependency file
512330307,1500846834,MDU6TGFiZWwxNTAwODQ2ODM0,https://api.github.com/repos/hmarr/auto-approve-action/labels/dependencies,dependencies,0366d6,FALSE,Pull requests that update a dependency file
511739984,1500846834,MDU6TGFiZWwxNTAwODQ2ODM0,https://api.github.com/repos/hmarr/auto-approve-action/labels/dependencies,dependencies,0366d6,FALSE,Pull requests that update a dependency file
511110173,1500846834,MDU6TGFiZWwxNTAwODQ2ODM0,https://api.github.com/repos/hmarr/auto-approve-action/labels/dependencies,dependencies,0366d6,FALSE,Pull requests that update a dependency file
510457325,1500846834,MDU6TGFiZWwxNTAwODQ2ODM0,https://api.github.com/repos/hmarr/auto-approve-action/labels/dependencies,dependencies,0366d6,FALSE,Pull requests that update a dependency file
509768050,1500846834,MDU6TGFiZWwxNTAwODQ2ODM0,https://api.github.com/repos/hmarr/auto-approve-action/labels/dependencies,dependencies,0366d6,FALSE,Pull requests that update a dependency file
508127197,1500846834,MDU6TGFiZWwxNTAwODQ2ODM0,https://api.github.com/repos/hmarr/auto-approve-action/labels/dependencies,dependencies,0366d6,FALSE,Pull requests that update a dependency file
507508466,1500846834,MDU6TGFiZWwxNTAwODQ2ODM0,https://api.github.com/repos/hmarr/auto-approve-action/labels/dependencies,dependencies,0366d6,FALSE,Pull requests that update a dependency file
505209609,1500846834,MDU6TGFiZWwxNTAwODQ2ODM0,https://api.github.com/repos/hmarr/auto-approve-action/labels/dependencies,dependencies,0366d6,FALSE,Pull requests that update a dependency file
504531649,1500846834,MDU6TGFiZWwxNTAwODQ2ODM0,https://api.github.com/repos/hmarr/auto-approve-action/labels/dependencies,dependencies,0366d6,FALSE,Pull requests that update a dependency file
502469050,1500846834,MDU6TGFiZWwxNTAwODQ2ODM0,https://api.github.com/repos/hmarr/auto-approve-action/labels/dependencies,dependencies,0366d6,FALSE,Pull requests that update a dependency file
501485850,1500846834,MDU6TGFiZWwxNTAwODQ2ODM0,https://api.github.com/repos/hmarr/auto-approve-action/labels/dependencies,dependencies,0366d6,FALSE,Pull requests that update a dependency file
501485608,1500846834,MDU6TGFiZWwxNTAwODQ2ODM0,https://api.github.com/repos/hmarr/auto-approve-action/labels/dependencies,dependencies,0366d6,FALSE,Pull requests that update a dependency file
498692048,1500846834,MDU6TGFiZWwxNTAwODQ2ODM0,https://api.github.com/repos/hmarr/auto-approve-action/labels/dependencies,dependencies,0366d6,FALSE,Pull requests that update a dependency file
498091947,1500846834,MDU6TGFiZWwxNTAwODQ2ODM0,https://api.github.com/repos/hmarr/auto-approve-action/labels/dependencies,dependencies,0366d6,FALSE,Pull requests that update a dependency file
495611904,1500846834,MDU6TGFiZWwxNTAwODQ2ODM0,https://api.github.com/repos/hmarr/auto-approve-action/labels/dependencies,dependencies,0366d6,FALSE,Pull requests that update a dependency file
480760760,1500846834,MDU6TGFiZWwxNTAwODQ2ODM0,https://api.github.com/repos/hmarr/auto-approve-action/labels/dependencies,dependencies,0366d6,FALSE,Pull requests that update a dependency file
844437769,2261832998,MDU6TGFiZWwyMjYxODMyOTk4,https://api.github.com/repos/helaili/jekyll-action/labels/dependencies,dependencies,0366d6,FALSE,Pull requests that update a dependency file
675435166,2261832998,MDU6TGFiZWwyMjYxODMyOTk4,https://api.github.com/repos/helaili/jekyll-action/labels/dependencies,dependencies,0366d6,FALSE,Pull requests that update a dependency file
398438788,1189228288,MDU6TGFiZWwxMTg5MjI4Mjg4,https://api.github.com/repos/helaili/jekyll-action/labels/bug,bug,d73a4a,TRUE,Something isn't working
398438788,1189228289,MDU6TGFiZWwxMTg5MjI4Mjg5,https://api.github.com/repos/helaili/jekyll-action/labels/duplicate,duplicate,cfd3d7,TRUE,This issue or pull request already exists
398438788,1189228290,MDU6TGFiZWwxMTg5MjI4Mjkw,https://api.github.com/repos/helaili/jekyll-action/labels/enhancement,enhancement,a2eeef,TRUE,New feature or request
863045488,1624763290,MDU6TGFiZWwxNjI0NzYzMjkw,https://api.github.com/repos/hamelsmu/code_search/labels/dependencies,dependencies,0366d6,FALSE,Pull requests that update a dependency file
847133061,1624763290,MDU6TGFiZWwxNjI0NzYzMjkw,https://api.github.com/repos/hamelsmu/code_search/labels/dependencies,dependencies,0366d6,FALSE,Pull requests that update a dependency file
843617664,1624763290,MDU6TGFiZWwxNjI0NzYzMjkw,https://api.github.com/repos/hamelsmu/code_search/labels/dependencies,dependencies,0366d6,FALSE,Pull requests that update a dependency file
841343408,1624763290,MDU6TGFiZWwxNjI0NzYzMjkw,https://api.github.com/repos/hamelsmu/code_search/labels/dependencies,dependencies,0366d6,FALSE,Pull requests that update a dependency file
840040338,1624763290,MDU6TGFiZWwxNjI0NzYzMjkw,https://api.github.com/repos/hamelsmu/code_search/labels/dependencies,dependencies,0366d6,FALSE,Pull requests that update a dependency file
836468907,1624763290,MDU6TGFiZWwxNjI0NzYzMjkw,https://api.github.com/repos/hamelsmu/code_search/labels/dependencies,dependencies,0366d6,FALSE,Pull requests that update a dependency file
835233004,1624763290,MDU6TGFiZWwxNjI0NzYzMjkw,https://api.github.com/repos/hamelsmu/code_search/labels/dependencies,dependencies,0366d6,FALSE,Pull requests that update a dependency file
799720440,1624763290,MDU6TGFiZWwxNjI0NzYzMjkw,https://api.github.com/repos/hamelsmu/code_search/labels/dependencies,dependencies,0366d6,FALSE,Pull requests that update a dependency file
781659625,1624763290,MDU6TGFiZWwxNjI0NzYzMjkw,https://api.github.com/repos/hamelsmu/code_search/labels/dependencies,dependencies,0366d6,FALSE,Pull requests that update a dependency file
746011626,1624763290,MDU6TGFiZWwxNjI0NzYzMjkw,https://api.github.com/repos/hamelsmu/code_search/labels/dependencies,dependencies,0366d6,FALSE,Pull requests that update a dependency file
742627546,1624763290,MDU6TGFiZWwxNjI0NzYzMjkw,https://api.github.com/repos/hamelsmu/code_search/labels/dependencies,dependencies,0366d6,FALSE,Pull requests that update a dependency file
730832601,1624763290,MDU6TGFiZWwxNjI0NzYzMjkw,https://api.github.com/repos/hamelsmu/code_search/labels/dependencies,dependencies,0366d6,FALSE,Pull requests that update a dependency file
709227876,1624763290,MDU6TGFiZWwxNjI0NzYzMjkw,https://api.github.com/repos/hamelsmu/code_search/labels/dependencies,dependencies,0366d6,FALSE,Pull requests that update a dependency file
590570423,1624763290,MDU6TGFiZWwxNjI0NzYzMjkw,https://api.github.com/repos/hamelsmu/code_search/labels/dependencies,dependencies,0366d6,FALSE,Pull requests that update a dependency file
587815579,1624763290,MDU6TGFiZWwxNjI0NzYzMjkw,https://api.github.com/repos/hamelsmu/code_search/labels/dependencies,dependencies,0366d6,FALSE,Pull requests that update a dependency file
587815403,1624763290,MDU6TGFiZWwxNjI0NzYzMjkw,https://api.github.com/repos/hamelsmu/code_search/labels/dependencies,dependencies,0366d6,FALSE,Pull requests that update a dependency file
587815287,1624763290,MDU6TGFiZWwxNjI0NzYzMjkw,https://api.github.com/repos/hamelsmu/code_search/labels/dependencies,dependencies,0366d6,FALSE,Pull requests that update a dependency file
587815152,1624763290,MDU6TGFiZWwxNjI0NzYzMjkw,https://api.github.com/repos/hamelsmu/code_search/labels/dependencies,dependencies,0366d6,FALSE,Pull requests that update a dependency file
587814997,1624763290,MDU6TGFiZWwxNjI0NzYzMjkw,https://api.github.com/repos/hamelsmu/code_search/labels/dependencies,dependencies,0366d6,FALSE,Pull requests that update a dependency file
587814882,1624763290,MDU6TGFiZWwxNjI0NzYzMjkw,https://api.github.com/repos/hamelsmu/code_search/labels/dependencies,dependencies,0366d6,FALSE,Pull requests that update a dependency file
587814873,1624763290,MDU6TGFiZWwxNjI0NzYzMjkw,https://api.github.com/repos/hamelsmu/code_search/labels/dependencies,dependencies,0366d6,FALSE,Pull requests that update a dependency file
587059997,1624763290,MDU6TGFiZWwxNjI0NzYzMjkw,https://api.github.com/repos/hamelsmu/code_search/labels/dependencies,dependencies,0366d6,FALSE,Pull requests that update a dependency file
580095206,1624763290,MDU6TGFiZWwxNjI0NzYzMjkw,https://api.github.com/repos/hamelsmu/code_search/labels/dependencies,dependencies,0366d6,FALSE,Pull requests that update a dependency file
570030078,1624763290,MDU6TGFiZWwxNjI0NzYzMjkw,https://api.github.com/repos/hamelsmu/code_search/labels/dependencies,dependencies,0366d6,FALSE,Pull requests that update a dependency file
556489318,1624763290,MDU6TGFiZWwxNjI0NzYzMjkw,https://api.github.com/repos/hamelsmu/code_search/labels/dependencies,dependencies,0366d6,FALSE,Pull requests that update a dependency file
538635117,1624763290,MDU6TGFiZWwxNjI0NzYzMjkw,https://api.github.com/repos/hamelsmu/code_search/labels/dependencies,dependencies,0366d6,FALSE,Pull requests that update a dependency file
510919857,1624763290,MDU6TGFiZWwxNjI0NzYzMjkw,https://api.github.com/repos/hamelsmu/code_search/labels/dependencies,dependencies,0366d6,FALSE,Pull requests that update a dependency file
509183557,1624763290,MDU6TGFiZWwxNjI0NzYzMjkw,https://api.github.com/repos/hamelsmu/code_search/labels/dependencies,dependencies,0366d6,FALSE,Pull requests that update a dependency file
509183138,1624763290,MDU6TGFiZWwxNjI0NzYzMjkw,https://api.github.com/repos/hamelsmu/code_search/labels/dependencies,dependencies,0366d6,FALSE,Pull requests that update a dependency file
509183053,1624763290,MDU6TGFiZWwxNjI0NzYzMjkw,https://api.github.com/repos/hamelsmu/code_search/labels/dependencies,dependencies,0366d6,FALSE,Pull requests that update a dependency file
448845348,925365436,MDU6TGFiZWw5MjUzNjU0MzY=,https://api.github.com/repos/hamelsmu/code_search/labels/bug,bug,d73a4a,TRUE,Something isn't working
777171315,149992209,MDU6TGFiZWwxNDk5OTIyMDk=,https://api.github.com/repos/jamesmartin/inline_svg/labels/enhancement,enhancement,84b6eb,TRUE,NA
777171315,149992210,MDU6TGFiZWwxNDk5OTIyMTA=,https://api.github.com/repos/jamesmartin/inline_svg/labels/help%20wanted,help wanted,159818,TRUE,NA
554937407,149992209,MDU6TGFiZWwxNDk5OTIyMDk=,https://api.github.com/repos/jamesmartin/inline_svg/labels/enhancement,enhancement,84b6eb,TRUE,NA
554937407,149992210,MDU6TGFiZWwxNDk5OTIyMTA=,https://api.github.com/repos/jamesmartin/inline_svg/labels/help%20wanted,help wanted,159818,TRUE,NA
539312449,149992209,MDU6TGFiZWwxNDk5OTIyMDk=,https://api.github.com/repos/jamesmartin/inline_svg/labels/enhancement,enhancement,84b6eb,TRUE,NA
539312449,149992210,MDU6TGFiZWwxNDk5OTIyMTA=,https://api.github.com/repos/jamesmartin/inline_svg/labels/help%20wanted,help wanted,159818,TRUE,NA
530768212,149992210,MDU6TGFiZWwxNDk5OTIyMTA=,https://api.github.com/repos/jamesmartin/inline_svg/labels/help%20wanted,help wanted,159818,TRUE,NA
514775953,149992209,MDU6TGFiZWwxNDk5OTIyMDk=,https://api.github.com/repos/jamesmartin/inline_svg/labels/enhancement,enhancement,84b6eb,TRUE,NA
514775953,149992210,MDU6TGFiZWwxNDk5OTIyMTA=,https://api.github.com/repos/jamesmartin/inline_svg/labels/help%20wanted,help wanted,159818,TRUE,NA
455184870,149992209,MDU6TGFiZWwxNDk5OTIyMDk=,https://api.github.com/repos/jamesmartin/inline_svg/labels/enhancement,enhancement,84b6eb,TRUE,NA
455184870,149992210,MDU6TGFiZWwxNDk5OTIyMTA=,https://api.github.com/repos/jamesmartin/inline_svg/labels/help%20wanted,help wanted,159818,TRUE,NA
337127210,149992213,MDU6TGFiZWwxNDk5OTIyMTM=,https://api.github.com/repos/jamesmartin/inline_svg/labels/wontfix,wontfix,ffffff,TRUE,NA
264920211,149992207,MDU6TGFiZWwxNDk5OTIyMDc=,https://api.github.com/repos/jamesmartin/inline_svg/labels/bug,bug,fc2929,TRUE,NA
264252139,149992212,MDU6TGFiZWwxNDk5OTIyMTI=,https://api.github.com/repos/jamesmartin/inline_svg/labels/question,question,cc317c,TRUE,NA
262132000,711779703,MDU6TGFiZWw3MTE3Nzk3MDM=,https://api.github.com/repos/jamesmartin/inline_svg/labels/Hacktoberfest,Hacktoberfest,662fbf,FALSE,NA
262132000,149992209,MDU6TGFiZWwxNDk5OTIyMDk=,https://api.github.com/repos/jamesmartin/inline_svg/labels/enhancement,enhancement,84b6eb,TRUE,NA
262132000,149992210,MDU6TGFiZWwxNDk5OTIyMTA=,https://api.github.com/repos/jamesmartin/inline_svg/labels/help%20wanted,help wanted,159818,TRUE,NA
256386444,149992209,MDU6TGFiZWwxNDk5OTIyMDk=,https://api.github.com/repos/jamesmartin/inline_svg/labels/enhancement,enhancement,84b6eb,TRUE,NA
250615883,149992207,MDU6TGFiZWwxNDk5OTIyMDc=,https://api.github.com/repos/jamesmartin/inline_svg/labels/bug,bug,fc2929,TRUE,NA
232647530,149992209,MDU6TGFiZWwxNDk5OTIyMDk=,https://api.github.com/repos/jamesmartin/inline_svg/labels/enhancement,enhancement,84b6eb,TRUE,NA
224678223,149992207,MDU6TGFiZWwxNDk5OTIyMDc=,https://api.github.com/repos/jamesmartin/inline_svg/labels/bug,bug,fc2929,TRUE,NA
216556042,149992209,MDU6TGFiZWwxNDk5OTIyMDk=,https://api.github.com/repos/jamesmartin/inline_svg/labels/enhancement,enhancement,84b6eb,TRUE,NA
216033368,149992209,MDU6TGFiZWwxNDk5OTIyMDk=,https://api.github.com/repos/jamesmartin/inline_svg/labels/enhancement,enhancement,84b6eb,TRUE,NA
216033368,149992213,MDU6TGFiZWwxNDk5OTIyMTM=,https://api.github.com/repos/jamesmartin/inline_svg/labels/wontfix,wontfix,ffffff,TRUE,NA
211710381,149992209,MDU6TGFiZWwxNDk5OTIyMDk=,https://api.github.com/repos/jamesmartin/inline_svg/labels/enhancement,enhancement,84b6eb,TRUE,NA
174417863,149992209,MDU6TGFiZWwxNDk5OTIyMDk=,https://api.github.com/repos/jamesmartin/inline_svg/labels/enhancement,enhancement,84b6eb,TRUE,NA
174417863,149992210,MDU6TGFiZWwxNDk5OTIyMTA=,https://api.github.com/repos/jamesmartin/inline_svg/labels/help%20wanted,help wanted,159818,TRUE,NA
167628051,149992207,MDU6TGFiZWwxNDk5OTIyMDc=,https://api.github.com/repos/jamesmartin/inline_svg/labels/bug,bug,fc2929,TRUE,NA
166875946,149992207,MDU6TGFiZWwxNDk5OTIyMDc=,https://api.github.com/repos/jamesmartin/inline_svg/labels/bug,bug,fc2929,TRUE,NA
166875946,149992209,MDU6TGFiZWwxNDk5OTIyMDk=,https://api.github.com/repos/jamesmartin/inline_svg/labels/enhancement,enhancement,84b6eb,TRUE,NA
166875946,149992210,MDU6TGFiZWwxNDk5OTIyMTA=,https://api.github.com/repos/jamesmartin/inline_svg/labels/help%20wanted,help wanted,159818,TRUE,NA
165080332,149992210,MDU6TGFiZWwxNDk5OTIyMTA=,https://api.github.com/repos/jamesmartin/inline_svg/labels/help%20wanted,help wanted,159818,TRUE,NA
164285849,149992209,MDU6TGFiZWwxNDk5OTIyMDk=,https://api.github.com/repos/jamesmartin/inline_svg/labels/enhancement,enhancement,84b6eb,TRUE,NA
158554479,149992207,MDU6TGFiZWwxNDk5OTIyMDc=,https://api.github.com/repos/jamesmartin/inline_svg/labels/bug,bug,fc2929,TRUE,NA
158554479,149992210,MDU6TGFiZWwxNDk5OTIyMTA=,https://api.github.com/repos/jamesmartin/inline_svg/labels/help%20wanted,help wanted,159818,TRUE,NA
155761516,149992209,MDU6TGFiZWwxNDk5OTIyMDk=,https://api.github.com/repos/jamesmartin/inline_svg/labels/enhancement,enhancement,84b6eb,TRUE,NA
140302138,149992207,MDU6TGFiZWwxNDk5OTIyMDc=,https://api.github.com/repos/jamesmartin/inline_svg/labels/bug,bug,fc2929,TRUE,NA
135482227,149992209,MDU6TGFiZWwxNDk5OTIyMDk=,https://api.github.com/repos/jamesmartin/inline_svg/labels/enhancement,enhancement,84b6eb,TRUE,NA
111288888,149992209,MDU6TGFiZWwxNDk5OTIyMDk=,https://api.github.com/repos/jamesmartin/inline_svg/labels/enhancement,enhancement,84b6eb,TRUE,NA
89983464,149992209,MDU6TGFiZWwxNDk5OTIyMDk=,https://api.github.com/repos/jamesmartin/inline_svg/labels/enhancement,enhancement,84b6eb,TRUE,NA
76071325,149992209,MDU6TGFiZWwxNDk5OTIyMDk=,https://api.github.com/repos/jamesmartin/inline_svg/labels/enhancement,enhancement,84b6eb,TRUE,NA
76071325,149992212,MDU6TGFiZWwxNDk5OTIyMTI=,https://api.github.com/repos/jamesmartin/inline_svg/labels/question,question,cc317c,TRUE,NA
65050166,149992209,MDU6TGFiZWwxNDk5OTIyMDk=,https://api.github.com/repos/jamesmartin/inline_svg/labels/enhancement,enhancement,84b6eb,TRUE,NA
64264657,149992209,MDU6TGFiZWwxNDk5OTIyMDk=,https://api.github.com/repos/jamesmartin/inline_svg/labels/enhancement,enhancement,84b6eb,TRUE,NA
58491811,149992209,MDU6TGFiZWwxNDk5OTIyMDk=,https://api.github.com/repos/jamesmartin/inline_svg/labels/enhancement,enhancement,84b6eb,TRUE,NA
847043629,97182354,MDU6TGFiZWw5NzE4MjM1NA==,https://api.github.com/repos/izuzak/atom-pdf-view/labels/enhancement,enhancement,84b6eb,TRUE,NA
420700689,97182354,MDU6TGFiZWw5NzE4MjM1NA==,https://api.github.com/repos/izuzak/atom-pdf-view/labels/enhancement,enhancement,84b6eb,TRUE,NA
381941429,97182354,MDU6TGFiZWw5NzE4MjM1NA==,https://api.github.com/repos/izuzak/atom-pdf-view/labels/enhancement,enhancement,84b6eb,TRUE,NA
320063534,97182354,MDU6TGFiZWw5NzE4MjM1NA==,https://api.github.com/repos/izuzak/atom-pdf-view/labels/enhancement,enhancement,84b6eb,TRUE,NA
293285578,97182352,MDU6TGFiZWw5NzE4MjM1Mg==,https://api.github.com/repos/izuzak/atom-pdf-view/labels/bug,bug,fc2929,TRUE,NA
284164229,97182352,MDU6TGFiZWw5NzE4MjM1Mg==,https://api.github.com/repos/izuzak/atom-pdf-view/labels/bug,bug,fc2929,TRUE,NA
273371799,97182352,MDU6TGFiZWw5NzE4MjM1Mg==,https://api.github.com/repos/izuzak/atom-pdf-view/labels/bug,bug,fc2929,TRUE,NA
258906155,97182354,MDU6TGFiZWw5NzE4MjM1NA==,https://api.github.com/repos/izuzak/atom-pdf-view/labels/enhancement,enhancement,84b6eb,TRUE,NA
258249823,97182354,MDU6TGFiZWw5NzE4MjM1NA==,https://api.github.com/repos/izuzak/atom-pdf-view/labels/enhancement,enhancement,84b6eb,TRUE,NA
256750679,97182352,MDU6TGFiZWw5NzE4MjM1Mg==,https://api.github.com/repos/izuzak/atom-pdf-view/labels/bug,bug,fc2929,TRUE,NA
254595863,97182354,MDU6TGFiZWw5NzE4MjM1NA==,https://api.github.com/repos/izuzak/atom-pdf-view/labels/enhancement,enhancement,84b6eb,TRUE,NA
248616672,97182354,MDU6TGFiZWw5NzE4MjM1NA==,https://api.github.com/repos/izuzak/atom-pdf-view/labels/enhancement,enhancement,84b6eb,TRUE,NA
233355520,97182354,MDU6TGFiZWw5NzE4MjM1NA==,https://api.github.com/repos/izuzak/atom-pdf-view/labels/enhancement,enhancement,84b6eb,TRUE,NA
226096292,97182354,MDU6TGFiZWw5NzE4MjM1NA==,https://api.github.com/repos/izuzak/atom-pdf-view/labels/enhancement,enhancement,84b6eb,TRUE,NA
225871028,97182352,MDU6TGFiZWw5NzE4MjM1Mg==,https://api.github.com/repos/izuzak/atom-pdf-view/labels/bug,bug,fc2929,TRUE,NA
211954588,97182352,MDU6TGFiZWw5NzE4MjM1Mg==,https://api.github.com/repos/izuzak/atom-pdf-view/labels/bug,bug,fc2929,TRUE,NA
203963530,97182354,MDU6TGFiZWw5NzE4MjM1NA==,https://api.github.com/repos/izuzak/atom-pdf-view/labels/enhancement,enhancement,84b6eb,TRUE,NA
200736813,97182354,MDU6TGFiZWw5NzE4MjM1NA==,https://api.github.com/repos/izuzak/atom-pdf-view/labels/enhancement,enhancement,84b6eb,TRUE,NA
197390503,97182354,MDU6TGFiZWw5NzE4MjM1NA==,https://api.github.com/repos/izuzak/atom-pdf-view/labels/enhancement,enhancement,84b6eb,TRUE,NA
182157143,97182354,MDU6TGFiZWw5NzE4MjM1NA==,https://api.github.com/repos/izuzak/atom-pdf-view/labels/enhancement,enhancement,84b6eb,TRUE,NA
173470795,97182354,MDU6TGFiZWw5NzE4MjM1NA==,https://api.github.com/repos/izuzak/atom-pdf-view/labels/enhancement,enhancement,84b6eb,TRUE,NA
170642331,97182354,MDU6TGFiZWw5NzE4MjM1NA==,https://api.github.com/repos/izuzak/atom-pdf-view/labels/enhancement,enhancement,84b6eb,TRUE,NA
165264180,97182352,MDU6TGFiZWw5NzE4MjM1Mg==,https://api.github.com/repos/izuzak/atom-pdf-view/labels/bug,bug,fc2929,TRUE,NA
163897259,97182354,MDU6TGFiZWw5NzE4MjM1NA==,https://api.github.com/repos/izuzak/atom-pdf-view/labels/enhancement,enhancement,84b6eb,TRUE,NA
161065886,97182352,MDU6TGFiZWw5NzE4MjM1Mg==,https://api.github.com/repos/izuzak/atom-pdf-view/labels/bug,bug,fc2929,TRUE,NA
157030464,97182352,MDU6TGFiZWw5NzE4MjM1Mg==,https://api.github.com/repos/izuzak/atom-pdf-view/labels/bug,bug,fc2929,TRUE,NA
152442591,97182352,MDU6TGFiZWw5NzE4MjM1Mg==,https://api.github.com/repos/izuzak/atom-pdf-view/labels/bug,bug,fc2929,TRUE,NA
151629019,97182352,MDU6TGFiZWw5NzE4MjM1Mg==,https://api.github.com/repos/izuzak/atom-pdf-view/labels/bug,bug,fc2929,TRUE,NA
148783626,97182352,MDU6TGFiZWw5NzE4MjM1Mg==,https://api.github.com/repos/izuzak/atom-pdf-view/labels/bug,bug,fc2929,TRUE,NA
148368379,97182352,MDU6TGFiZWw5NzE4MjM1Mg==,https://api.github.com/repos/izuzak/atom-pdf-view/labels/bug,bug,fc2929,TRUE,NA
147609954,97182354,MDU6TGFiZWw5NzE4MjM1NA==,https://api.github.com/repos/izuzak/atom-pdf-view/labels/enhancement,enhancement,84b6eb,TRUE,NA
145476376,97182352,MDU6TGFiZWw5NzE4MjM1Mg==,https://api.github.com/repos/izuzak/atom-pdf-view/labels/bug,bug,fc2929,TRUE,NA
145398893,97182352,MDU6TGFiZWw5NzE4MjM1Mg==,https://api.github.com/repos/izuzak/atom-pdf-view/labels/bug,bug,fc2929,TRUE,NA
138806668,97182352,MDU6TGFiZWw5NzE4MjM1Mg==,https://api.github.com/repos/izuzak/atom-pdf-view/labels/bug,bug,fc2929,TRUE,NA
137874782,97182354,MDU6TGFiZWw5NzE4MjM1NA==,https://api.github.com/repos/izuzak/atom-pdf-view/labels/enhancement,enhancement,84b6eb,TRUE,NA
133148479,97182354,MDU6TGFiZWw5NzE4MjM1NA==,https://api.github.com/repos/izuzak/atom-pdf-view/labels/enhancement,enhancement,84b6eb,TRUE,NA
133145405,97182354,MDU6TGFiZWw5NzE4MjM1NA==,https://api.github.com/repos/izuzak/atom-pdf-view/labels/enhancement,enhancement,84b6eb,TRUE,NA
132472787,97182352,MDU6TGFiZWw5NzE4MjM1Mg==,https://api.github.com/repos/izuzak/atom-pdf-view/labels/bug,bug,fc2929,TRUE,NA
132001127,97182354,MDU6TGFiZWw5NzE4MjM1NA==,https://api.github.com/repos/izuzak/atom-pdf-view/labels/enhancement,enhancement,84b6eb,TRUE,NA
130795811,97182354,MDU6TGFiZWw5NzE4MjM1NA==,https://api.github.com/repos/izuzak/atom-pdf-view/labels/enhancement,enhancement,84b6eb,TRUE,NA
129095595,97182352,MDU6TGFiZWw5NzE4MjM1Mg==,https://api.github.com/repos/izuzak/atom-pdf-view/labels/bug,bug,fc2929,TRUE,NA
126823408,97182354,MDU6TGFiZWw5NzE4MjM1NA==,https://api.github.com/repos/izuzak/atom-pdf-view/labels/enhancement,enhancement,84b6eb,TRUE,NA
116239162,97182354,MDU6TGFiZWw5NzE4MjM1NA==,https://api.github.com/repos/izuzak/atom-pdf-view/labels/enhancement,enhancement,84b6eb,TRUE,NA
115858965,97182352,MDU6TGFiZWw5NzE4MjM1Mg==,https://api.github.com/repos/izuzak/atom-pdf-view/labels/bug,bug,fc2929,TRUE,NA
110268596,97182354,MDU6TGFiZWw5NzE4MjM1NA==,https://api.github.com/repos/izuzak/atom-pdf-view/labels/enhancement,enhancement,84b6eb,TRUE,NA
109656632,97182352,MDU6TGFiZWw5NzE4MjM1Mg==,https://api.github.com/repos/izuzak/atom-pdf-view/labels/bug,bug,fc2929,TRUE,NA
106209283,97182354,MDU6TGFiZWw5NzE4MjM1NA==,https://api.github.com/repos/izuzak/atom-pdf-view/labels/enhancement,enhancement,84b6eb,TRUE,NA
106052233,97182354,MDU6TGFiZWw5NzE4MjM1NA==,https://api.github.com/repos/izuzak/atom-pdf-view/labels/enhancement,enhancement,84b6eb,TRUE,NA
105408502,97182352,MDU6TGFiZWw5NzE4MjM1Mg==,https://api.github.com/repos/izuzak/atom-pdf-view/labels/bug,bug,fc2929,TRUE,NA
103892138,97182352,MDU6TGFiZWw5NzE4MjM1Mg==,https://api.github.com/repos/izuzak/atom-pdf-view/labels/bug,bug,fc2929,TRUE,NA
102126918,97182352,MDU6TGFiZWw5NzE4MjM1Mg==,https://api.github.com/repos/izuzak/atom-pdf-view/labels/bug,bug,fc2929,TRUE,NA
101155400,97182352,MDU6TGFiZWw5NzE4MjM1Mg==,https://api.github.com/repos/izuzak/atom-pdf-view/labels/bug,bug,fc2929,TRUE,NA
100358683,97182352,MDU6TGFiZWw5NzE4MjM1Mg==,https://api.github.com/repos/izuzak/atom-pdf-view/labels/bug,bug,fc2929,TRUE,NA
92780587,97182352,MDU6TGFiZWw5NzE4MjM1Mg==,https://api.github.com/repos/izuzak/atom-pdf-view/labels/bug,bug,fc2929,TRUE,NA
70968772,97182354,MDU6TGFiZWw5NzE4MjM1NA==,https://api.github.com/repos/izuzak/atom-pdf-view/labels/enhancement,enhancement,84b6eb,TRUE,NA
68082219,97182352,MDU6TGFiZWw5NzE4MjM1Mg==,https://api.github.com/repos/izuzak/atom-pdf-view/labels/bug,bug,fc2929,TRUE,NA
67957967,97182352,MDU6TGFiZWw5NzE4MjM1Mg==,https://api.github.com/repos/izuzak/atom-pdf-view/labels/bug,bug,fc2929,TRUE,NA
61903266,97182352,MDU6TGFiZWw5NzE4MjM1Mg==,https://api.github.com/repos/izuzak/atom-pdf-view/labels/bug,bug,fc2929,TRUE,NA
57882939,97182352,MDU6TGFiZWw5NzE4MjM1Mg==,https://api.github.com/repos/izuzak/atom-pdf-view/labels/bug,bug,fc2929,TRUE,NA
56758838,97182352,MDU6TGFiZWw5NzE4MjM1Mg==,https://api.github.com/repos/izuzak/atom-pdf-view/labels/bug,bug,fc2929,TRUE,NA
56154947,97182354,MDU6TGFiZWw5NzE4MjM1NA==,https://api.github.com/repos/izuzak/atom-pdf-view/labels/enhancement,enhancement,84b6eb,TRUE,NA
56154947,97182355,MDU6TGFiZWw5NzE4MjM1NQ==,https://api.github.com/repos/izuzak/atom-pdf-view/labels/help%20wanted,help wanted,159818,TRUE,NA
56143168,97182352,MDU6TGFiZWw5NzE4MjM1Mg==,https://api.github.com/repos/izuzak/atom-pdf-view/labels/bug,bug,fc2929,TRUE,NA
54760426,97182352,MDU6TGFiZWw5NzE4MjM1Mg==,https://api.github.com/repos/izuzak/atom-pdf-view/labels/bug,bug,fc2929,TRUE,NA
53922705,97182352,MDU6TGFiZWw5NzE4MjM1Mg==,https://api.github.com/repos/izuzak/atom-pdf-view/labels/bug,bug,fc2929,TRUE,NA
50197140,97182354,MDU6TGFiZWw5NzE4MjM1NA==,https://api.github.com/repos/izuzak/atom-pdf-view/labels/enhancement,enhancement,84b6eb,TRUE,NA
50197140,97182355,MDU6TGFiZWw5NzE4MjM1NQ==,https://api.github.com/repos/izuzak/atom-pdf-view/labels/help%20wanted,help wanted,159818,TRUE,NA
45633753,97182354,MDU6TGFiZWw5NzE4MjM1NA==,https://api.github.com/repos/izuzak/atom-pdf-view/labels/enhancement,enhancement,84b6eb,TRUE,NA
45633753,97182355,MDU6TGFiZWw5NzE4MjM1NQ==,https://api.github.com/repos/izuzak/atom-pdf-view/labels/help%20wanted,help wanted,159818,TRUE,NA
43285366,97182352,MDU6TGFiZWw5NzE4MjM1Mg==,https://api.github.com/repos/izuzak/atom-pdf-view/labels/bug,bug,fc2929,TRUE,NA
43125556,97182352,MDU6TGFiZWw5NzE4MjM1Mg==,https://api.github.com/repos/izuzak/atom-pdf-view/labels/bug,bug,fc2929,TRUE,NA
43068771,97182352,MDU6TGFiZWw5NzE4MjM1Mg==,https://api.github.com/repos/izuzak/atom-pdf-view/labels/bug,bug,fc2929,TRUE,NA
42898074,97182354,MDU6TGFiZWw5NzE4MjM1NA==,https://api.github.com/repos/izuzak/atom-pdf-view/labels/enhancement,enhancement,84b6eb,TRUE,NA
42898074,97182355,MDU6TGFiZWw5NzE4MjM1NQ==,https://api.github.com/repos/izuzak/atom-pdf-view/labels/help%20wanted,help wanted,159818,TRUE,NA
42226075,97182352,MDU6TGFiZWw5NzE4MjM1Mg==,https://api.github.com/repos/izuzak/atom-pdf-view/labels/bug,bug,fc2929,TRUE,NA
42226075,97182355,MDU6TGFiZWw5NzE4MjM1NQ==,https://api.github.com/repos/izuzak/atom-pdf-view/labels/help%20wanted,help wanted,159818,TRUE,NA
41700423,97182354,MDU6TGFiZWw5NzE4MjM1NA==,https://api.github.com/repos/izuzak/atom-pdf-view/labels/enhancement,enhancement,84b6eb,TRUE,NA
41016291,97182352,MDU6TGFiZWw5NzE4MjM1Mg==,https://api.github.com/repos/izuzak/atom-pdf-view/labels/bug,bug,fc2929,TRUE,NA
39081734,97182354,MDU6TGFiZWw5NzE4MjM1NA==,https://api.github.com/repos/izuzak/atom-pdf-view/labels/enhancement,enhancement,84b6eb,TRUE,NA
39061413,97182352,MDU6TGFiZWw5NzE4MjM1Mg==,https://api.github.com/repos/izuzak/atom-pdf-view/labels/bug,bug,fc2929,TRUE,NA
35275202,97182354,MDU6TGFiZWw5NzE4MjM1NA==,https://api.github.com/repos/izuzak/atom-pdf-view/labels/enhancement,enhancement,84b6eb,TRUE,NA
35275202,97182355,MDU6TGFiZWw5NzE4MjM1NQ==,https://api.github.com/repos/izuzak/atom-pdf-view/labels/help%20wanted,help wanted,159818,TRUE,NA
35269441,97182354,MDU6TGFiZWw5NzE4MjM1NA==,https://api.github.com/repos/izuzak/atom-pdf-view/labels/enhancement,enhancement,84b6eb,TRUE,NA
35269441,97182355,MDU6TGFiZWw5NzE4MjM1NQ==,https://api.github.com/repos/izuzak/atom-pdf-view/labels/help%20wanted,help wanted,159818,TRUE,NA
33257470,97182354,MDU6TGFiZWw5NzE4MjM1NA==,https://api.github.com/repos/izuzak/atom-pdf-view/labels/enhancement,enhancement,84b6eb,TRUE,NA
33257470,97182355,MDU6TGFiZWw5NzE4MjM1NQ==,https://api.github.com/repos/izuzak/atom-pdf-view/labels/help%20wanted,help wanted,159818,TRUE,NA
32813876,97182352,MDU6TGFiZWw5NzE4MjM1Mg==,https://api.github.com/repos/izuzak/atom-pdf-view/labels/bug,bug,fc2929,TRUE,NA
32813876,97182355,MDU6TGFiZWw5NzE4MjM1NQ==,https://api.github.com/repos/izuzak/atom-pdf-view/labels/help%20wanted,help wanted,159818,TRUE,NA
32811878,97182354,MDU6TGFiZWw5NzE4MjM1NA==,https://api.github.com/repos/izuzak/atom-pdf-view/labels/enhancement,enhancement,84b6eb,TRUE,NA
32811878,97182355,MDU6TGFiZWw5NzE4MjM1NQ==,https://api.github.com/repos/izuzak/atom-pdf-view/labels/help%20wanted,help wanted,159818,TRUE,NA
32811243,97182354,MDU6TGFiZWw5NzE4MjM1NA==,https://api.github.com/repos/izuzak/atom-pdf-view/labels/enhancement,enhancement,84b6eb,TRUE,NA
32811243,97182355,MDU6TGFiZWw5NzE4MjM1NQ==,https://api.github.com/repos/izuzak/atom-pdf-view/labels/help%20wanted,help wanted,159818,TRUE,NA
32810127,97182354,MDU6TGFiZWw5NzE4MjM1NA==,https://api.github.com/repos/izuzak/atom-pdf-view/labels/enhancement,enhancement,84b6eb,TRUE,NA
32810127,97182355,MDU6TGFiZWw5NzE4MjM1NQ==,https://api.github.com/repos/izuzak/atom-pdf-view/labels/help%20wanted,help wanted,159818,TRUE,NA
32802156,97182354,MDU6TGFiZWw5NzE4MjM1NA==,https://api.github.com/repos/izuzak/atom-pdf-view/labels/enhancement,enhancement,84b6eb,TRUE,NA
32802156,97182355,MDU6TGFiZWw5NzE4MjM1NQ==,https://api.github.com/repos/izuzak/atom-pdf-view/labels/help%20wanted,help wanted,159818,TRUE,NA
32801891,97182354,MDU6TGFiZWw5NzE4MjM1NA==,https://api.github.com/repos/izuzak/atom-pdf-view/labels/enhancement,enhancement,84b6eb,TRUE,NA
32801891,97182355,MDU6TGFiZWw5NzE4MjM1NQ==,https://api.github.com/repos/izuzak/atom-pdf-view/labels/help%20wanted,help wanted,159818,TRUE,NA
32801599,97182355,MDU6TGFiZWw5NzE4MjM1NQ==,https://api.github.com/repos/izuzak/atom-pdf-view/labels/help%20wanted,help wanted,159818,TRUE,NA
711635732,558448777,MDU6TGFiZWw1NTg0NDg3Nzc=,https://api.github.com/repos/jasonrudolph/keyboard/labels/help-wanted,help-wanted,bfd4f2,FALSE,NA
527878397,558448777,MDU6TGFiZWw1NTg0NDg3Nzc=,https://api.github.com/repos/jasonrudolph/keyboard/labels/help-wanted,help-wanted,bfd4f2,FALSE,NA
518281848,558448777,MDU6TGFiZWw1NTg0NDg3Nzc=,https://api.github.com/repos/jasonrudolph/keyboard/labels/help-wanted,help-wanted,bfd4f2,FALSE,NA
340885194,558448777,MDU6TGFiZWw1NTg0NDg3Nzc=,https://api.github.com/repos/jasonrudolph/keyboard/labels/help-wanted,help-wanted,bfd4f2,FALSE,NA
213409534,558448777,MDU6TGFiZWw1NTg0NDg3Nzc=,https://api.github.com/repos/jasonrudolph/keyboard/labels/help-wanted,help-wanted,bfd4f2,FALSE,NA
844339602,1398065129,MDU6TGFiZWwxMzk4MDY1MTI5,https://api.github.com/repos/JasonEtco/actions-toolkit/labels/dependencies,dependencies,0366d6,FALSE,Pull requests that update a dependency file
836769532,1218331976,MDU6TGFiZWwxMjE4MzMxOTc2,https://api.github.com/repos/JasonEtco/actions-toolkit/labels/new%20feature,new feature,3af444,FALSE,A new feature being added or proposed
713043735,1398065129,MDU6TGFiZWwxMzk4MDY1MTI5,https://api.github.com/repos/JasonEtco/actions-toolkit/labels/dependencies,dependencies,0366d6,FALSE,Pull requests that update a dependency file
698939215,1398065129,MDU6TGFiZWwxMzk4MDY1MTI5,https://api.github.com/repos/JasonEtco/actions-toolkit/labels/dependencies,dependencies,0366d6,FALSE,Pull requests that update a dependency file
658168317,1398065129,MDU6TGFiZWwxMzk4MDY1MTI5,https://api.github.com/repos/JasonEtco/actions-toolkit/labels/dependencies,dependencies,0366d6,FALSE,Pull requests that update a dependency file
593715417,1398065129,MDU6TGFiZWwxMzk4MDY1MTI5,https://api.github.com/repos/JasonEtco/actions-toolkit/labels/dependencies,dependencies,0366d6,FALSE,Pull requests that update a dependency file
582748064,1398065129,MDU6TGFiZWwxMzk4MDY1MTI5,https://api.github.com/repos/JasonEtco/actions-toolkit/labels/dependencies,dependencies,0366d6,FALSE,Pull requests that update a dependency file
580895647,1398065129,MDU6TGFiZWwxMzk4MDY1MTI5,https://api.github.com/repos/JasonEtco/actions-toolkit/labels/dependencies,dependencies,0366d6,FALSE,Pull requests that update a dependency file
542938031,1398065129,MDU6TGFiZWwxMzk4MDY1MTI5,https://api.github.com/repos/JasonEtco/actions-toolkit/labels/dependencies,dependencies,0366d6,FALSE,Pull requests that update a dependency file
467231838,1398065129,MDU6TGFiZWwxMzk4MDY1MTI5,https://api.github.com/repos/JasonEtco/actions-toolkit/labels/dependencies,dependencies,0366d6,FALSE,Pull requests that update a dependency file
453920136,1398065129,MDU6TGFiZWwxMzk4MDY1MTI5,https://api.github.com/repos/JasonEtco/actions-toolkit/labels/dependencies,dependencies,0366d6,FALSE,Pull requests that update a dependency file
453920127,1398065129,MDU6TGFiZWwxMzk4MDY1MTI5,https://api.github.com/repos/JasonEtco/actions-toolkit/labels/dependencies,dependencies,0366d6,FALSE,Pull requests that update a dependency file
432688683,1115303380,MDU6TGFiZWwxMTE1MzAzMzgw,https://api.github.com/repos/JasonEtco/actions-toolkit/labels/bug,bug,d73a4a,TRUE,Something isn't working
427418307,1218331976,MDU6TGFiZWwxMjE4MzMxOTc2,https://api.github.com/repos/JasonEtco/actions-toolkit/labels/new%20feature,new feature,3af444,FALSE,A new feature being added or proposed
426698793,1962379238,MDU6TGFiZWwxOTYyMzc5MjM4,https://api.github.com/repos/JasonEtco/actions-toolkit/labels/Stale,Stale,ededed,FALSE,NA
425652085,1115303384,MDU6TGFiZWwxMTE1MzAzMzg0,https://api.github.com/repos/JasonEtco/actions-toolkit/labels/good%20first%20issue,good first issue,7057ff,TRUE,Good for newcomers
425652085,1218331976,MDU6TGFiZWwxMjE4MzMxOTc2,https://api.github.com/repos/JasonEtco/actions-toolkit/labels/new%20feature,new feature,3af444,FALSE,A new feature being added or proposed
419283177,1962379238,MDU6TGFiZWwxOTYyMzc5MjM4,https://api.github.com/repos/JasonEtco/actions-toolkit/labels/Stale,Stale,ededed,FALSE,NA
415281039,1115303380,MDU6TGFiZWwxMTE1MzAzMzgw,https://api.github.com/repos/JasonEtco/actions-toolkit/labels/bug,bug,d73a4a,TRUE,Something isn't working
414876477,1115303382,MDU6TGFiZWwxMTE1MzAzMzgy,https://api.github.com/repos/JasonEtco/actions-toolkit/labels/enhancement,enhancement,a2eeef,TRUE,A change to an existing feature
411594255,1962379238,MDU6TGFiZWwxOTYyMzc5MjM4,https://api.github.com/repos/JasonEtco/actions-toolkit/labels/Stale,Stale,ededed,FALSE,NA
411594255,1162729046,MDU6TGFiZWwxMTYyNzI5MDQ2,https://api.github.com/repos/JasonEtco/actions-toolkit/labels/docs,docs,ffbc70,FALSE,Documentation changes or improvements
411594255,1115303383,MDU6TGFiZWwxMTE1MzAzMzgz,https://api.github.com/repos/JasonEtco/actions-toolkit/labels/help%20wanted,help wanted,008672,TRUE,Extra attention is needed
411211373,1162729046,MDU6TGFiZWwxMTYyNzI5MDQ2,https://api.github.com/repos/JasonEtco/actions-toolkit/labels/docs,docs,ffbc70,FALSE,Documentation changes or improvements
409588284,1115303382,MDU6TGFiZWwxMTE1MzAzMzgy,https://api.github.com/repos/JasonEtco/actions-toolkit/labels/enhancement,enhancement,a2eeef,TRUE,A change to an existing feature
409588284,1115303386,MDU6TGFiZWwxMTE1MzAzMzg2,https://api.github.com/repos/JasonEtco/actions-toolkit/labels/question,question,d876e3,TRUE,Further information is requested
408389365,1218331976,MDU6TGFiZWwxMjE4MzMxOTc2,https://api.github.com/repos/JasonEtco/actions-toolkit/labels/new%20feature,new feature,3af444,FALSE,A new feature being added or proposed
408266309,1115303382,MDU6TGFiZWwxMTE1MzAzMzgy,https://api.github.com/repos/JasonEtco/actions-toolkit/labels/enhancement,enhancement,a2eeef,TRUE,A change to an existing feature
407873184,1218331976,MDU6TGFiZWwxMjE4MzMxOTc2,https://api.github.com/repos/JasonEtco/actions-toolkit/labels/new%20feature,new feature,3af444,FALSE,A new feature being added or proposed
407431028,1218331976,MDU6TGFiZWwxMjE4MzMxOTc2,https://api.github.com/repos/JasonEtco/actions-toolkit/labels/new%20feature,new feature,3af444,FALSE,A new feature being added or proposed
406101540,1115303384,MDU6TGFiZWwxMTE1MzAzMzg0,https://api.github.com/repos/JasonEtco/actions-toolkit/labels/good%20first%20issue,good first issue,7057ff,TRUE,Good for newcomers
406101540,1218331976,MDU6TGFiZWwxMjE4MzMxOTc2,https://api.github.com/repos/JasonEtco/actions-toolkit/labels/new%20feature,new feature,3af444,FALSE,A new feature being added or proposed
406096189,1115303380,MDU6TGFiZWwxMTE1MzAzMzgw,https://api.github.com/repos/JasonEtco/actions-toolkit/labels/bug,bug,d73a4a,TRUE,Something isn't working
406095792,1115303380,MDU6TGFiZWwxMTE1MzAzMzgw,https://api.github.com/repos/JasonEtco/actions-toolkit/labels/bug,bug,d73a4a,TRUE,Something isn't working
404900320,1218331976,MDU6TGFiZWwxMjE4MzMxOTc2,https://api.github.com/repos/JasonEtco/actions-toolkit/labels/new%20feature,new feature,3af444,FALSE,A new feature being added or proposed
404594940,1115303382,MDU6TGFiZWwxMTE1MzAzMzgy,https://api.github.com/repos/JasonEtco/actions-toolkit/labels/enhancement,enhancement,a2eeef,TRUE,A change to an existing feature
403400138,1115303382,MDU6TGFiZWwxMTE1MzAzMzgy,https://api.github.com/repos/JasonEtco/actions-toolkit/labels/enhancement,enhancement,a2eeef,TRUE,A change to an existing feature
403400138,1115303384,MDU6TGFiZWwxMTE1MzAzMzg0,https://api.github.com/repos/JasonEtco/actions-toolkit/labels/good%20first%20issue,good first issue,7057ff,TRUE,Good for newcomers
398679360,1218331976,MDU6TGFiZWwxMjE4MzMxOTc2,https://api.github.com/repos/JasonEtco/actions-toolkit/labels/new%20feature,new feature,3af444,FALSE,A new feature being added or proposed
392296726,1162729046,MDU6TGFiZWwxMTYyNzI5MDQ2,https://api.github.com/repos/JasonEtco/actions-toolkit/labels/docs,docs,ffbc70,FALSE,Documentation changes or improvements
392296726,1115303384,MDU6TGFiZWwxMTE1MzAzMzg0,https://api.github.com/repos/JasonEtco/actions-toolkit/labels/good%20first%20issue,good first issue,7057ff,TRUE,Good for newcomers
392285872,1162729046,MDU6TGFiZWwxMTYyNzI5MDQ2,https://api.github.com/repos/JasonEtco/actions-toolkit/labels/docs,docs,ffbc70,FALSE,Documentation changes or improvements
392285872,1115303384,MDU6TGFiZWwxMTE1MzAzMzg0,https://api.github.com/repos/JasonEtco/actions-toolkit/labels/good%20first%20issue,good first issue,7057ff,TRUE,Good for newcomers
391404884,1162729046,MDU6TGFiZWwxMTYyNzI5MDQ2,https://api.github.com/repos/JasonEtco/actions-toolkit/labels/docs,docs,ffbc70,FALSE,Documentation changes or improvements
391404884,1115303384,MDU6TGFiZWwxMTE1MzAzMzg0,https://api.github.com/repos/JasonEtco/actions-toolkit/labels/good%20first%20issue,good first issue,7057ff,TRUE,Good for newcomers
391404524,1115303382,MDU6TGFiZWwxMTE1MzAzMzgy,https://api.github.com/repos/JasonEtco/actions-toolkit/labels/enhancement,enhancement,a2eeef,TRUE,A change to an existing feature
391404524,1115303384,MDU6TGFiZWwxMTE1MzAzMzg0,https://api.github.com/repos/JasonEtco/actions-toolkit/labels/good%20first%20issue,good first issue,7057ff,TRUE,Good for newcomers
384108829,1115303384,MDU6TGFiZWwxMTE1MzAzMzg0,https://api.github.com/repos/JasonEtco/actions-toolkit/labels/good%20first%20issue,good first issue,7057ff,TRUE,Good for newcomers
384108829,1115303383,MDU6TGFiZWwxMTE1MzAzMzgz,https://api.github.com/repos/JasonEtco/actions-toolkit/labels/help%20wanted,help wanted,008672,TRUE,Extra attention is needed
384108829,1218331976,MDU6TGFiZWwxMjE4MzMxOTc2,https://api.github.com/repos/JasonEtco/actions-toolkit/labels/new%20feature,new feature,3af444,FALSE,A new feature being added or proposed
843530943,1907905450,MDU6TGFiZWwxOTA3OTA1NDUw,https://api.github.com/repos/JasonEtco/todo/labels/dependencies,dependencies,0366d6,FALSE,Pull requests that update a dependency file
802851242,705563458,MDU6TGFiZWw3MDU1NjM0NTg=,https://api.github.com/repos/JasonEtco/todo/labels/enhancement,enhancement,82f2d4,TRUE,New feature or request
802850665,705563456,MDU6TGFiZWw3MDU1NjM0NTY=,https://api.github.com/repos/JasonEtco/todo/labels/bug,bug,ee0701,TRUE,Something isn't working
789244623,705563458,MDU6TGFiZWw3MDU1NjM0NTg=,https://api.github.com/repos/JasonEtco/todo/labels/enhancement,enhancement,82f2d4,TRUE,New feature or request
761741123,1907905450,MDU6TGFiZWwxOTA3OTA1NDUw,https://api.github.com/repos/JasonEtco/todo/labels/dependencies,dependencies,0366d6,FALSE,Pull requests that update a dependency file
706195419,705563456,MDU6TGFiZWw3MDU1NjM0NTY=,https://api.github.com/repos/JasonEtco/todo/labels/bug,bug,ee0701,TRUE,Something isn't working
693811619,1907905450,MDU6TGFiZWwxOTA3OTA1NDUw,https://api.github.com/repos/JasonEtco/todo/labels/dependencies,dependencies,0366d6,FALSE,Pull requests that update a dependency file
693811619,1670724960,MDU6TGFiZWwxNjcwNzI0OTYw,https://api.github.com/repos/JasonEtco/todo/labels/stale,stale,006b75,FALSE,
693086716,705563456,MDU6TGFiZWw3MDU1NjM0NTY=,https://api.github.com/repos/JasonEtco/todo/labels/bug,bug,ee0701,TRUE,Something isn't working
693086716,1670724960,MDU6TGFiZWwxNjcwNzI0OTYw,https://api.github.com/repos/JasonEtco/todo/labels/stale,stale,006b75,FALSE,
678332408,1670724960,MDU6TGFiZWwxNjcwNzI0OTYw,https://api.github.com/repos/JasonEtco/todo/labels/stale,stale,006b75,FALSE,
674527776,705563456,MDU6TGFiZWw3MDU1NjM0NTY=,https://api.github.com/repos/JasonEtco/todo/labels/bug,bug,ee0701,TRUE,Something isn't working
663529332,1670724960,MDU6TGFiZWwxNjcwNzI0OTYw,https://api.github.com/repos/JasonEtco/todo/labels/stale,stale,006b75,FALSE,
662321348,705563456,MDU6TGFiZWw3MDU1NjM0NTY=,https://api.github.com/repos/JasonEtco/todo/labels/bug,bug,ee0701,TRUE,Something isn't working
661427033,705563458,MDU6TGFiZWw3MDU1NjM0NTg=,https://api.github.com/repos/JasonEtco/todo/labels/enhancement,enhancement,82f2d4,TRUE,New feature or request
657651370,1907905450,MDU6TGFiZWwxOTA3OTA1NDUw,https://api.github.com/repos/JasonEtco/todo/labels/dependencies,dependencies,0366d6,FALSE,Pull requests that update a dependency file
623840602,705563458,MDU6TGFiZWw3MDU1NjM0NTg=,https://api.github.com/repos/JasonEtco/todo/labels/enhancement,enhancement,82f2d4,TRUE,New feature or request
623572404,705563456,MDU6TGFiZWw3MDU1NjM0NTY=,https://api.github.com/repos/JasonEtco/todo/labels/bug,bug,ee0701,TRUE,Something isn't working
623572404,1670724960,MDU6TGFiZWwxNjcwNzI0OTYw,https://api.github.com/repos/JasonEtco/todo/labels/stale,stale,006b75,FALSE,
613586334,705563458,MDU6TGFiZWw3MDU1NjM0NTg=,https://api.github.com/repos/JasonEtco/todo/labels/enhancement,enhancement,82f2d4,TRUE,New feature or request
613586334,1670724960,MDU6TGFiZWwxNjcwNzI0OTYw,https://api.github.com/repos/JasonEtco/todo/labels/stale,stale,006b75,FALSE,
610783327,705563456,MDU6TGFiZWw3MDU1NjM0NTY=,https://api.github.com/repos/JasonEtco/todo/labels/bug,bug,ee0701,TRUE,Something isn't working
610783327,1670724960,MDU6TGFiZWwxNjcwNzI0OTYw,https://api.github.com/repos/JasonEtco/todo/labels/stale,stale,006b75,FALSE,
610771153,705563456,MDU6TGFiZWw3MDU1NjM0NTY=,https://api.github.com/repos/JasonEtco/todo/labels/bug,bug,ee0701,TRUE,Something isn't working
610771153,1670724960,MDU6TGFiZWwxNjcwNzI0OTYw,https://api.github.com/repos/JasonEtco/todo/labels/stale,stale,006b75,FALSE,
610764679,705563458,MDU6TGFiZWw3MDU1NjM0NTg=,https://api.github.com/repos/JasonEtco/todo/labels/enhancement,enhancement,82f2d4,TRUE,New feature or request
610764679,1670724960,MDU6TGFiZWwxNjcwNzI0OTYw,https://api.github.com/repos/JasonEtco/todo/labels/stale,stale,006b75,FALSE,
610761539,705563456,MDU6TGFiZWw3MDU1NjM0NTY=,https://api.github.com/repos/JasonEtco/todo/labels/bug,bug,ee0701,TRUE,Something isn't working
610761539,1670724960,MDU6TGFiZWwxNjcwNzI0OTYw,https://api.github.com/repos/JasonEtco/todo/labels/stale,stale,006b75,FALSE,
598099874,705563458,MDU6TGFiZWw3MDU1NjM0NTg=,https://api.github.com/repos/JasonEtco/todo/labels/enhancement,enhancement,82f2d4,TRUE,New feature or request
598099874,1670724960,MDU6TGFiZWwxNjcwNzI0OTYw,https://api.github.com/repos/JasonEtco/todo/labels/stale,stale,006b75,FALSE,
593517186,705563456,MDU6TGFiZWw3MDU1NjM0NTY=,https://api.github.com/repos/JasonEtco/todo/labels/bug,bug,ee0701,TRUE,Something isn't working
593517186,1670724960,MDU6TGFiZWwxNjcwNzI0OTYw,https://api.github.com/repos/JasonEtco/todo/labels/stale,stale,006b75,FALSE,
593049212,705563456,MDU6TGFiZWw3MDU1NjM0NTY=,https://api.github.com/repos/JasonEtco/todo/labels/bug,bug,ee0701,TRUE,Something isn't working
593049212,1670724960,MDU6TGFiZWwxNjcwNzI0OTYw,https://api.github.com/repos/JasonEtco/todo/labels/stale,stale,006b75,FALSE,
590929235,705563456,MDU6TGFiZWw3MDU1NjM0NTY=,https://api.github.com/repos/JasonEtco/todo/labels/bug,bug,ee0701,TRUE,Something isn't working
580879344,1907905450,MDU6TGFiZWwxOTA3OTA1NDUw,https://api.github.com/repos/JasonEtco/todo/labels/dependencies,dependencies,0366d6,FALSE,Pull requests that update a dependency file
580879344,1670724960,MDU6TGFiZWwxNjcwNzI0OTYw,https://api.github.com/repos/JasonEtco/todo/labels/stale,stale,006b75,FALSE,
577293131,705563458,MDU6TGFiZWw3MDU1NjM0NTg=,https://api.github.com/repos/JasonEtco/todo/labels/enhancement,enhancement,82f2d4,TRUE,New feature or request
577293131,1670724960,MDU6TGFiZWwxNjcwNzI0OTYw,https://api.github.com/repos/JasonEtco/todo/labels/stale,stale,006b75,FALSE,
575628182,705563456,MDU6TGFiZWw3MDU1NjM0NTY=,https://api.github.com/repos/JasonEtco/todo/labels/bug,bug,ee0701,TRUE,Something isn't working
556053778,705563458,MDU6TGFiZWw3MDU1NjM0NTg=,https://api.github.com/repos/JasonEtco/todo/labels/enhancement,enhancement,82f2d4,TRUE,New feature or request
556053778,1670724960,MDU6TGFiZWwxNjcwNzI0OTYw,https://api.github.com/repos/JasonEtco/todo/labels/stale,stale,006b75,FALSE,
551155203,705563456,MDU6TGFiZWw3MDU1NjM0NTY=,https://api.github.com/repos/JasonEtco/todo/labels/bug,bug,ee0701,TRUE,Something isn't working
551155203,1670724960,MDU6TGFiZWwxNjcwNzI0OTYw,https://api.github.com/repos/JasonEtco/todo/labels/stale,stale,006b75,FALSE,
550695943,705563456,MDU6TGFiZWw3MDU1NjM0NTY=,https://api.github.com/repos/JasonEtco/todo/labels/bug,bug,ee0701,TRUE,Something isn't working
550695943,1670724960,MDU6TGFiZWwxNjcwNzI0OTYw,https://api.github.com/repos/JasonEtco/todo/labels/stale,stale,006b75,FALSE,
547267174,705563456,MDU6TGFiZWw3MDU1NjM0NTY=,https://api.github.com/repos/JasonEtco/todo/labels/bug,bug,ee0701,TRUE,Something isn't working
541615125,705563456,MDU6TGFiZWw3MDU1NjM0NTY=,https://api.github.com/repos/JasonEtco/todo/labels/bug,bug,ee0701,TRUE,Something isn't working
537281966,705563456,MDU6TGFiZWw3MDU1NjM0NTY=,https://api.github.com/repos/JasonEtco/todo/labels/bug,bug,ee0701,TRUE,Something isn't working
535877464,705563458,MDU6TGFiZWw3MDU1NjM0NTg=,https://api.github.com/repos/JasonEtco/todo/labels/enhancement,enhancement,82f2d4,TRUE,New feature or request
535877464,1670724960,MDU6TGFiZWwxNjcwNzI0OTYw,https://api.github.com/repos/JasonEtco/todo/labels/stale,stale,006b75,FALSE,
522768862,705563456,MDU6TGFiZWw3MDU1NjM0NTY=,https://api.github.com/repos/JasonEtco/todo/labels/bug,bug,ee0701,TRUE,Something isn't working
522768862,1670724960,MDU6TGFiZWwxNjcwNzI0OTYw,https://api.github.com/repos/JasonEtco/todo/labels/stale,stale,006b75,FALSE,
521973802,705563456,MDU6TGFiZWw3MDU1NjM0NTY=,https://api.github.com/repos/JasonEtco/todo/labels/bug,bug,ee0701,TRUE,Something isn't working
506134210,705563458,MDU6TGFiZWw3MDU1NjM0NTg=,https://api.github.com/repos/JasonEtco/todo/labels/enhancement,enhancement,82f2d4,TRUE,New feature or request
499008703,705563456,MDU6TGFiZWw3MDU1NjM0NTY=,https://api.github.com/repos/JasonEtco/todo/labels/bug,bug,ee0701,TRUE,Something isn't working
481687115,1670724960,MDU6TGFiZWwxNjcwNzI0OTYw,https://api.github.com/repos/JasonEtco/todo/labels/stale,stale,006b75,FALSE,
471556018,705563456,MDU6TGFiZWw3MDU1NjM0NTY=,https://api.github.com/repos/JasonEtco/todo/labels/bug,bug,ee0701,TRUE,Something isn't working
462428712,1670724960,MDU6TGFiZWwxNjcwNzI0OTYw,https://api.github.com/repos/JasonEtco/todo/labels/stale,stale,006b75,FALSE,
456246177,705563456,MDU6TGFiZWw3MDU1NjM0NTY=,https://api.github.com/repos/JasonEtco/todo/labels/bug,bug,ee0701,TRUE,Something isn't working
451134771,705563460,MDU6TGFiZWw3MDU1NjM0NjA=,https://api.github.com/repos/JasonEtco/todo/labels/good%20first%20issue,good first issue,7057ff,TRUE,Good for newcomers
449945209,705563456,MDU6TGFiZWw3MDU1NjM0NTY=,https://api.github.com/repos/JasonEtco/todo/labels/bug,bug,ee0701,TRUE,Something isn't working
449945209,1670724960,MDU6TGFiZWwxNjcwNzI0OTYw,https://api.github.com/repos/JasonEtco/todo/labels/stale,stale,006b75,FALSE,
443790893,705563456,MDU6TGFiZWw3MDU1NjM0NTY=,https://api.github.com/repos/JasonEtco/todo/labels/bug,bug,ee0701,TRUE,Something isn't working
443790893,1670724960,MDU6TGFiZWwxNjcwNzI0OTYw,https://api.github.com/repos/JasonEtco/todo/labels/stale,stale,006b75,FALSE,
443133169,705563456,MDU6TGFiZWw3MDU1NjM0NTY=,https://api.github.com/repos/JasonEtco/todo/labels/bug,bug,ee0701,TRUE,Something isn't working
436728988,705563458,MDU6TGFiZWw3MDU1NjM0NTg=,https://api.github.com/repos/JasonEtco/todo/labels/enhancement,enhancement,82f2d4,TRUE,New feature or request
435655630,705563456,MDU6TGFiZWw3MDU1NjM0NTY=,https://api.github.com/repos/JasonEtco/todo/labels/bug,bug,ee0701,TRUE,Something isn't working
434981762,705563458,MDU6TGFiZWw3MDU1NjM0NTg=,https://api.github.com/repos/JasonEtco/todo/labels/enhancement,enhancement,82f2d4,TRUE,New feature or request
434981762,1670724960,MDU6TGFiZWwxNjcwNzI0OTYw,https://api.github.com/repos/JasonEtco/todo/labels/stale,stale,006b75,FALSE,
425596356,705563458,MDU6TGFiZWw3MDU1NjM0NTg=,https://api.github.com/repos/JasonEtco/todo/labels/enhancement,enhancement,82f2d4,TRUE,New feature or request
425181029,1670724960,MDU6TGFiZWwxNjcwNzI0OTYw,https://api.github.com/repos/JasonEtco/todo/labels/stale,stale,006b75,FALSE,
425069380,705563458,MDU6TGFiZWw3MDU1NjM0NTg=,https://api.github.com/repos/JasonEtco/todo/labels/enhancement,enhancement,82f2d4,TRUE,New feature or request
425069380,1670724960,MDU6TGFiZWwxNjcwNzI0OTYw,https://api.github.com/repos/JasonEtco/todo/labels/stale,stale,006b75,FALSE,
424728485,705563458,MDU6TGFiZWw3MDU1NjM0NTg=,https://api.github.com/repos/JasonEtco/todo/labels/enhancement,enhancement,82f2d4,TRUE,New feature or request
424588707,705563456,MDU6TGFiZWw3MDU1NjM0NTY=,https://api.github.com/repos/JasonEtco/todo/labels/bug,bug,ee0701,TRUE,Something isn't working
423381905,705563458,MDU6TGFiZWw3MDU1NjM0NTg=,https://api.github.com/repos/JasonEtco/todo/labels/enhancement,enhancement,82f2d4,TRUE,New feature or request
407193432,705563456,MDU6TGFiZWw3MDU1NjM0NTY=,https://api.github.com/repos/JasonEtco/todo/labels/bug,bug,ee0701,TRUE,Something isn't working
402392810,705563456,MDU6TGFiZWw3MDU1NjM0NTY=,https://api.github.com/repos/JasonEtco/todo/labels/bug,bug,ee0701,TRUE,Something isn't working
402392810,705563459,MDU6TGFiZWw3MDU1NjM0NTk=,https://api.github.com/repos/JasonEtco/todo/labels/help%20wanted,help wanted,008672,TRUE,Extra attention is needed
402069541,705563456,MDU6TGFiZWw3MDU1NjM0NTY=,https://api.github.com/repos/JasonEtco/todo/labels/bug,bug,ee0701,TRUE,Something isn't working
401036983,705563456,MDU6TGFiZWw3MDU1NjM0NTY=,https://api.github.com/repos/JasonEtco/todo/labels/bug,bug,ee0701,TRUE,Something isn't working
394845383,1670724960,MDU6TGFiZWwxNjcwNzI0OTYw,https://api.github.com/repos/JasonEtco/todo/labels/stale,stale,006b75,FALSE,
391846600,705563456,MDU6TGFiZWw3MDU1NjM0NTY=,https://api.github.com/repos/JasonEtco/todo/labels/bug,bug,ee0701,TRUE,Something isn't working
391846600,705563460,MDU6TGFiZWw3MDU1NjM0NjA=,https://api.github.com/repos/JasonEtco/todo/labels/good%20first%20issue,good first issue,7057ff,TRUE,Good for newcomers
391587788,705563456,MDU6TGFiZWw3MDU1NjM0NTY=,https://api.github.com/repos/JasonEtco/todo/labels/bug,bug,ee0701,TRUE,Something isn't working
388499046,705563458,MDU6TGFiZWw3MDU1NjM0NTg=,https://api.github.com/repos/JasonEtco/todo/labels/enhancement,enhancement,82f2d4,TRUE,New feature or request
388499046,1670724960,MDU6TGFiZWwxNjcwNzI0OTYw,https://api.github.com/repos/JasonEtco/todo/labels/stale,stale,006b75,FALSE,
386941766,705563458,MDU6TGFiZWw3MDU1NjM0NTg=,https://api.github.com/repos/JasonEtco/todo/labels/enhancement,enhancement,82f2d4,TRUE,New feature or request
386941766,705563460,MDU6TGFiZWw3MDU1NjM0NjA=,https://api.github.com/repos/JasonEtco/todo/labels/good%20first%20issue,good first issue,7057ff,TRUE,Good for newcomers
386241093,705563456,MDU6TGFiZWw3MDU1NjM0NTY=,https://api.github.com/repos/JasonEtco/todo/labels/bug,bug,ee0701,TRUE,Something isn't working
385081364,890141830,MDU6TGFiZWw4OTAxNDE4MzA=,https://api.github.com/repos/JasonEtco/todo/labels/todo%20:spiral_notepad:,todo :spiral_notepad:,00B0D8,FALSE,Issues generated by todo[bot]
384893964,705563456,MDU6TGFiZWw3MDU1NjM0NTY=,https://api.github.com/repos/JasonEtco/todo/labels/bug,bug,ee0701,TRUE,Something isn't working
384893964,705563460,MDU6TGFiZWw3MDU1NjM0NjA=,https://api.github.com/repos/JasonEtco/todo/labels/good%20first%20issue,good first issue,7057ff,TRUE,Good for newcomers
384435000,705563456,MDU6TGFiZWw3MDU1NjM0NTY=,https://api.github.com/repos/JasonEtco/todo/labels/bug,bug,ee0701,TRUE,Something isn't working
384435000,1670724960,MDU6TGFiZWwxNjcwNzI0OTYw,https://api.github.com/repos/JasonEtco/todo/labels/stale,stale,006b75,FALSE,
381908078,705563458,MDU6TGFiZWw3MDU1NjM0NTg=,https://api.github.com/repos/JasonEtco/todo/labels/enhancement,enhancement,82f2d4,TRUE,New feature or request
381908078,1670724960,MDU6TGFiZWwxNjcwNzI0OTYw,https://api.github.com/repos/JasonEtco/todo/labels/stale,stale,006b75,FALSE,
364541716,705563456,MDU6TGFiZWw3MDU1NjM0NTY=,https://api.github.com/repos/JasonEtco/todo/labels/bug,bug,ee0701,TRUE,Something isn't working
364541716,705563460,MDU6TGFiZWw3MDU1NjM0NjA=,https://api.github.com/repos/JasonEtco/todo/labels/good%20first%20issue,good first issue,7057ff,TRUE,Good for newcomers
363821671,705563458,MDU6TGFiZWw3MDU1NjM0NTg=,https://api.github.com/repos/JasonEtco/todo/labels/enhancement,enhancement,82f2d4,TRUE,New feature or request
361586574,705563456,MDU6TGFiZWw3MDU1NjM0NTY=,https://api.github.com/repos/JasonEtco/todo/labels/bug,bug,ee0701,TRUE,Something isn't working
351648321,705563456,MDU6TGFiZWw3MDU1NjM0NTY=,https://api.github.com/repos/JasonEtco/todo/labels/bug,bug,ee0701,TRUE,Something isn't working
311019203,705563456,MDU6TGFiZWw3MDU1NjM0NTY=,https://api.github.com/repos/JasonEtco/todo/labels/bug,bug,ee0701,TRUE,Something isn't working
306551790,705563456,MDU6TGFiZWw3MDU1NjM0NTY=,https://api.github.com/repos/JasonEtco/todo/labels/bug,bug,ee0701,TRUE,Something isn't working
306145877,705563458,MDU6TGFiZWw3MDU1NjM0NTg=,https://api.github.com/repos/JasonEtco/todo/labels/enhancement,enhancement,82f2d4,TRUE,New feature or request
306145877,1670724960,MDU6TGFiZWwxNjcwNzI0OTYw,https://api.github.com/repos/JasonEtco/todo/labels/stale,stale,006b75,FALSE,
303880204,705563458,MDU6TGFiZWw3MDU1NjM0NTg=,https://api.github.com/repos/JasonEtco/todo/labels/enhancement,enhancement,82f2d4,TRUE,New feature or request
303880204,1670724960,MDU6TGFiZWwxNjcwNzI0OTYw,https://api.github.com/repos/JasonEtco/todo/labels/stale,stale,006b75,FALSE,
300672076,705563456,MDU6TGFiZWw3MDU1NjM0NTY=,https://api.github.com/repos/JasonEtco/todo/labels/bug,bug,ee0701,TRUE,Something isn't working
300672076,705563460,MDU6TGFiZWw3MDU1NjM0NjA=,https://api.github.com/repos/JasonEtco/todo/labels/good%20first%20issue,good first issue,7057ff,TRUE,Good for newcomers
299853298,705563460,MDU6TGFiZWw3MDU1NjM0NjA=,https://api.github.com/repos/JasonEtco/todo/labels/good%20first%20issue,good first issue,7057ff,TRUE,Good for newcomers
299643050,705563456,MDU6TGFiZWw3MDU1NjM0NTY=,https://api.github.com/repos/JasonEtco/todo/labels/bug,bug,ee0701,TRUE,Something isn't working
294910933,705563456,MDU6TGFiZWw3MDU1NjM0NTY=,https://api.github.com/repos/JasonEtco/todo/labels/bug,bug,ee0701,TRUE,Something isn't working
289229627,705563460,MDU6TGFiZWw3MDU1NjM0NjA=,https://api.github.com/repos/JasonEtco/todo/labels/good%20first%20issue,good first issue,7057ff,TRUE,Good for newcomers
267908411,712616715,MDU6TGFiZWw3MTI2MTY3MTU=,https://api.github.com/repos/JasonEtco/todo/labels/website,website,24292e,FALSE,Relating to the GitHub Pages website
267904998,705563456,MDU6TGFiZWw3MDU1NjM0NTY=,https://api.github.com/repos/JasonEtco/todo/labels/bug,bug,ee0701,TRUE,Something isn't working
267539934,705563456,MDU6TGFiZWw3MDU1NjM0NTY=,https://api.github.com/repos/JasonEtco/todo/labels/bug,bug,ee0701,TRUE,Something isn't working
267487625,705563456,MDU6TGFiZWw3MDU1NjM0NTY=,https://api.github.com/repos/JasonEtco/todo/labels/bug,bug,ee0701,TRUE,Something isn't working
265634591,705563456,MDU6TGFiZWw3MDU1NjM0NTY=,https://api.github.com/repos/JasonEtco/todo/labels/bug,bug,ee0701,TRUE,Something isn't working
265545517,705563460,MDU6TGFiZWw3MDU1NjM0NjA=,https://api.github.com/repos/JasonEtco/todo/labels/good%20first%20issue,good first issue,7057ff,TRUE,Good for newcomers
265545517,712616715,MDU6TGFiZWw3MTI2MTY3MTU=,https://api.github.com/repos/JasonEtco/todo/labels/website,website,24292e,FALSE,Relating to the GitHub Pages website
264477511,705563457,MDU6TGFiZWw3MDU1NjM0NTc=,https://api.github.com/repos/JasonEtco/todo/labels/duplicate,duplicate,cccccc,TRUE,This issue or pull request already exists
263653101,705563458,MDU6TGFiZWw3MDU1NjM0NTg=,https://api.github.com/repos/JasonEtco/todo/labels/enhancement,enhancement,82f2d4,TRUE,New feature or request
263647850,705563456,MDU6TGFiZWw3MDU1NjM0NTY=,https://api.github.com/repos/JasonEtco/todo/labels/bug,bug,ee0701,TRUE,Something isn't working
263434226,705563456,MDU6TGFiZWw3MDU1NjM0NTY=,https://api.github.com/repos/JasonEtco/todo/labels/bug,bug,ee0701,TRUE,Something isn't working
263331666,705563458,MDU6TGFiZWw3MDU1NjM0NTg=,https://api.github.com/repos/JasonEtco/todo/labels/enhancement,enhancement,82f2d4,TRUE,New feature or request
263254378,705563458,MDU6TGFiZWw3MDU1NjM0NTg=,https://api.github.com/repos/JasonEtco/todo/labels/enhancement,enhancement,82f2d4,TRUE,New feature or request
263009717,705563456,MDU6TGFiZWw3MDU1NjM0NTY=,https://api.github.com/repos/JasonEtco/todo/labels/bug,bug,ee0701,TRUE,Something isn't working
262680836,705563458,MDU6TGFiZWw3MDU1NjM0NTg=,https://api.github.com/repos/JasonEtco/todo/labels/enhancement,enhancement,82f2d4,TRUE,New feature or request
261382525,705563458,MDU6TGFiZWw3MDU1NjM0NTg=,https://api.github.com/repos/JasonEtco/todo/labels/enhancement,enhancement,82f2d4,TRUE,New feature or request
