id,node_id,name,full_name,private,owner_login,owner_id,description,fork,url,created_at,updated_at,pushed_at,homepage,size,stargazers_count,watchers_count,language,has_issues,has_projects,has_downloads,has_wiki,has_pages,forks_count,archived,disabled,open_issues_count,license_key,license_name,license_spdx_id,license_node_id,forks,open_issues,watchers,default_branch,permissions_admin,permissions_push,permissions_pull,temp_clone_token,network_count,subscribers_count,html_url,forks_url,keys_url,collaborators_url,teams_url,hooks_url,issue_events_url,events_url,assignees_url,branches_url,tags_url,blobs_url,git_tags_url,git_refs_url,trees_url,statuses_url,languages_url,stargazers_url,contributors_url,subscribers_url,subscription_url,commits_url,git_commits_url,comments_url,issue_comment_url,contents_url,compare_url,merges_url,archive_url,downloads_url,issues_url,pulls_url,milestones_url,notifications_url,labels_url,releases_url,deployments_url,git_url,ssh_url,clone_url,svn_url,mirror_url,license_url
28704549,MDEwOlJlcG9zaXRvcnkyODcwNDU0OQ==,flexbugs,philipwalton/flexbugs,FALSE,philipwalton,326742,A community-curated list of flexbox issues and cross-browser workarounds for them.,FALSE,https://api.github.com/repos/philipwalton/flexbugs,2015-01-02T05:29:32Z,2021-04-27T19:48:41Z,2021-03-27T06:03:30Z,,436,12847,12847,NA,TRUE,TRUE,TRUE,TRUE,TRUE,450,FALSE,FALSE,86,mit,MIT License,MIT,MDc6TGljZW5zZTEz,450,86,12847,master,FALSE,FALSE,TRUE,,450,504,https://github.com/philipwalton/flexbugs,https://api.github.com/repos/philipwalton/flexbugs/forks,https://api.github.com/repos/philipwalton/flexbugs/keys{/key_id},https://api.github.com/repos/philipwalton/flexbugs/collaborators{/collaborator},https://api.github.com/repos/philipwalton/flexbugs/teams,https://api.github.com/repos/philipwalton/flexbugs/hooks,https://api.github.com/repos/philipwalton/flexbugs/issues/events{/number},https://api.github.com/repos/philipwalton/flexbugs/events,https://api.github.com/repos/philipwalton/flexbugs/assignees{/user},https://api.github.com/repos/philipwalton/flexbugs/branches{/branch},https://api.github.com/repos/philipwalton/flexbugs/tags,https://api.github.com/repos/philipwalton/flexbugs/git/blobs{/sha},https://api.github.com/repos/philipwalton/flexbugs/git/tags{/sha},https://api.github.com/repos/philipwalton/flexbugs/git/refs{/sha},https://api.github.com/repos/philipwalton/flexbugs/git/trees{/sha},https://api.github.com/repos/philipwalton/flexbugs/statuses/{sha},https://api.github.com/repos/philipwalton/flexbugs/languages,https://api.github.com/repos/philipwalton/flexbugs/stargazers,https://api.github.com/repos/philipwalton/flexbugs/contributors,https://api.github.com/repos/philipwalton/flexbugs/subscribers,https://api.github.com/repos/philipwalton/flexbugs/subscription,https://api.github.com/repos/philipwalton/flexbugs/commits{/sha},https://api.github.com/repos/philipwalton/flexbugs/git/commits{/sha},https://api.github.com/repos/philipwalton/flexbugs/comments{/number},https://api.github.com/repos/philipwalton/flexbugs/issues/comments{/number},https://api.github.com/repos/philipwalton/flexbugs/contents/{+path},https://api.github.com/repos/philipwalton/flexbugs/compare/{base}...{head},https://api.github.com/repos/philipwalton/flexbugs/merges,https://api.github.com/repos/philipwalton/flexbugs/{archive_format}{/ref},https://api.github.com/repos/philipwalton/flexbugs/downloads,https://api.github.com/repos/philipwalton/flexbugs/issues{/number},https://api.github.com/repos/philipwalton/flexbugs/pulls{/number},https://api.github.com/repos/philipwalton/flexbugs/milestones{/number},"https://api.github.com/repos/philipwalton/flexbugs/notifications{?since,all,participating}",https://api.github.com/repos/philipwalton/flexbugs/labels{/name},https://api.github.com/repos/philipwalton/flexbugs/releases{/id},https://api.github.com/repos/philipwalton/flexbugs/deployments,git://github.com/philipwalton/flexbugs.git,git@github.com:philipwalton/flexbugs.git,https://github.com/philipwalton/flexbugs.git,https://github.com/philipwalton/flexbugs,NA,https://api.github.com/licenses/mit
12512833,MDEwOlJlcG9zaXRvcnkxMjUxMjgzMw==,solved-by-flexbox,philipwalton/solved-by-flexbox,FALSE,philipwalton,326742,"A showcase of problems once hard or impossible to solve with CSS alone, now made trivially easy with Flexbox.",FALSE,https://api.github.com/repos/philipwalton/solved-by-flexbox,2013-08-31T23:04:51Z,2021-04-27T20:24:57Z,2021-03-30T18:02:31Z,https://philipwalton.github.io/solved-by-flexbox/,1993,12853,12853,CSS,TRUE,TRUE,TRUE,TRUE,TRUE,1064,FALSE,FALSE,25,mit,MIT License,MIT,MDc6TGljZW5zZTEz,1064,25,12853,master,FALSE,FALSE,TRUE,,1064,416,https://github.com/philipwalton/solved-by-flexbox,https://api.github.com/repos/philipwalton/solved-by-flexbox/forks,https://api.github.com/repos/philipwalton/solved-by-flexbox/keys{/key_id},https://api.github.com/repos/philipwalton/solved-by-flexbox/collaborators{/collaborator},https://api.github.com/repos/philipwalton/solved-by-flexbox/teams,https://api.github.com/repos/philipwalton/solved-by-flexbox/hooks,https://api.github.com/repos/philipwalton/solved-by-flexbox/issues/events{/number},https://api.github.com/repos/philipwalton/solved-by-flexbox/events,https://api.github.com/repos/philipwalton/solved-by-flexbox/assignees{/user},https://api.github.com/repos/philipwalton/solved-by-flexbox/branches{/branch},https://api.github.com/repos/philipwalton/solved-by-flexbox/tags,https://api.github.com/repos/philipwalton/solved-by-flexbox/git/blobs{/sha},https://api.github.com/repos/philipwalton/solved-by-flexbox/git/tags{/sha},https://api.github.com/repos/philipwalton/solved-by-flexbox/git/refs{/sha},https://api.github.com/repos/philipwalton/solved-by-flexbox/git/trees{/sha},https://api.github.com/repos/philipwalton/solved-by-flexbox/statuses/{sha},https://api.github.com/repos/philipwalton/solved-by-flexbox/languages,https://api.github.com/repos/philipwalton/solved-by-flexbox/stargazers,https://api.github.com/repos/philipwalton/solved-by-flexbox/contributors,https://api.github.com/repos/philipwalton/solved-by-flexbox/subscribers,https://api.github.com/repos/philipwalton/solved-by-flexbox/subscription,https://api.github.com/repos/philipwalton/solved-by-flexbox/commits{/sha},https://api.github.com/repos/philipwalton/solved-by-flexbox/git/commits{/sha},https://api.github.com/repos/philipwalton/solved-by-flexbox/comments{/number},https://api.github.com/repos/philipwalton/solved-by-flexbox/issues/comments{/number},https://api.github.com/repos/philipwalton/solved-by-flexbox/contents/{+path},https://api.github.com/repos/philipwalton/solved-by-flexbox/compare/{base}...{head},https://api.github.com/repos/philipwalton/solved-by-flexbox/merges,https://api.github.com/repos/philipwalton/solved-by-flexbox/{archive_format}{/ref},https://api.github.com/repos/philipwalton/solved-by-flexbox/downloads,https://api.github.com/repos/philipwalton/solved-by-flexbox/issues{/number},https://api.github.com/repos/philipwalton/solved-by-flexbox/pulls{/number},https://api.github.com/repos/philipwalton/solved-by-flexbox/milestones{/number},"https://api.github.com/repos/philipwalton/solved-by-flexbox/notifications{?since,all,participating}",https://api.github.com/repos/philipwalton/solved-by-flexbox/labels{/name},https://api.github.com/repos/philipwalton/solved-by-flexbox/releases{/id},https://api.github.com/repos/philipwalton/solved-by-flexbox/deployments,git://github.com/philipwalton/solved-by-flexbox.git,git@github.com:philipwalton/solved-by-flexbox.git,https://github.com/philipwalton/solved-by-flexbox.git,https://github.com/philipwalton/solved-by-flexbox,NA,https://api.github.com/licenses/mit
47468620,MDEwOlJlcG9zaXRvcnk0NzQ2ODYyMA==,par,prideout/par,FALSE,prideout,1288904,single-file C libraries from Philip Allan Rideout,FALSE,https://api.github.com/repos/prideout/par,2015-12-05T19:00:50Z,2021-04-22T22:36:33Z,2021-03-08T05:12:01Z,,12811,650,650,C,TRUE,TRUE,TRUE,TRUE,FALSE,44,FALSE,FALSE,8,NA,NA,NA,NA,44,8,650,master,FALSE,FALSE,TRUE,,44,32,https://github.com/prideout/par,https://api.github.com/repos/prideout/par/forks,https://api.github.com/repos/prideout/par/keys{/key_id},https://api.github.com/repos/prideout/par/collaborators{/collaborator},https://api.github.com/repos/prideout/par/teams,https://api.github.com/repos/prideout/par/hooks,https://api.github.com/repos/prideout/par/issues/events{/number},https://api.github.com/repos/prideout/par/events,https://api.github.com/repos/prideout/par/assignees{/user},https://api.github.com/repos/prideout/par/branches{/branch},https://api.github.com/repos/prideout/par/tags,https://api.github.com/repos/prideout/par/git/blobs{/sha},https://api.github.com/repos/prideout/par/git/tags{/sha},https://api.github.com/repos/prideout/par/git/refs{/sha},https://api.github.com/repos/prideout/par/git/trees{/sha},https://api.github.com/repos/prideout/par/statuses/{sha},https://api.github.com/repos/prideout/par/languages,https://api.github.com/repos/prideout/par/stargazers,https://api.github.com/repos/prideout/par/contributors,https://api.github.com/repos/prideout/par/subscribers,https://api.github.com/repos/prideout/par/subscription,https://api.github.com/repos/prideout/par/commits{/sha},https://api.github.com/repos/prideout/par/git/commits{/sha},https://api.github.com/repos/prideout/par/comments{/number},https://api.github.com/repos/prideout/par/issues/comments{/number},https://api.github.com/repos/prideout/par/contents/{+path},https://api.github.com/repos/prideout/par/compare/{base}...{head},https://api.github.com/repos/prideout/par/merges,https://api.github.com/repos/prideout/par/{archive_format}{/ref},https://api.github.com/repos/prideout/par/downloads,https://api.github.com/repos/prideout/par/issues{/number},https://api.github.com/repos/prideout/par/pulls{/number},https://api.github.com/repos/prideout/par/milestones{/number},"https://api.github.com/repos/prideout/par/notifications{?since,all,participating}",https://api.github.com/repos/prideout/par/labels{/name},https://api.github.com/repos/prideout/par/releases{/id},https://api.github.com/repos/prideout/par/deployments,git://github.com/prideout/par.git,git@github.com:prideout/par.git,https://github.com/prideout/par.git,https://github.com/prideout/par,NA,NA
74791366,MDEwOlJlcG9zaXRvcnk3NDc5MTM2Ng==,clean-code-javascript,ryanmcdermott/clean-code-javascript,FALSE,ryanmcdermott,5114666,:bathtub: Clean Code concepts adapted for JavaScript,FALSE,https://api.github.com/repos/ryanmcdermott/clean-code-javascript,2016-11-25T22:25:41Z,2021-04-28T00:48:48Z,2021-04-24T04:35:22Z,NA,543,50634,50634,JavaScript,TRUE,TRUE,TRUE,TRUE,FALSE,6225,FALSE,FALSE,55,mit,MIT License,MIT,MDc6TGljZW5zZTEz,6225,55,50634,master,FALSE,FALSE,TRUE,,6225,1651,https://github.com/ryanmcdermott/clean-code-javascript,https://api.github.com/repos/ryanmcdermott/clean-code-javascript/forks,https://api.github.com/repos/ryanmcdermott/clean-code-javascript/keys{/key_id},https://api.github.com/repos/ryanmcdermott/clean-code-javascript/collaborators{/collaborator},https://api.github.com/repos/ryanmcdermott/clean-code-javascript/teams,https://api.github.com/repos/ryanmcdermott/clean-code-javascript/hooks,https://api.github.com/repos/ryanmcdermott/clean-code-javascript/issues/events{/number},https://api.github.com/repos/ryanmcdermott/clean-code-javascript/events,https://api.github.com/repos/ryanmcdermott/clean-code-javascript/assignees{/user},https://api.github.com/repos/ryanmcdermott/clean-code-javascript/branches{/branch},https://api.github.com/repos/ryanmcdermott/clean-code-javascript/tags,https://api.github.com/repos/ryanmcdermott/clean-code-javascript/git/blobs{/sha},https://api.github.com/repos/ryanmcdermott/clean-code-javascript/git/tags{/sha},https://api.github.com/repos/ryanmcdermott/clean-code-javascript/git/refs{/sha},https://api.github.com/repos/ryanmcdermott/clean-code-javascript/git/trees{/sha},https://api.github.com/repos/ryanmcdermott/clean-code-javascript/statuses/{sha},https://api.github.com/repos/ryanmcdermott/clean-code-javascript/languages,https://api.github.com/repos/ryanmcdermott/clean-code-javascript/stargazers,https://api.github.com/repos/ryanmcdermott/clean-code-javascript/contributors,https://api.github.com/repos/ryanmcdermott/clean-code-javascript/subscribers,https://api.github.com/repos/ryanmcdermott/clean-code-javascript/subscription,https://api.github.com/repos/ryanmcdermott/clean-code-javascript/commits{/sha},https://api.github.com/repos/ryanmcdermott/clean-code-javascript/git/commits{/sha},https://api.github.com/repos/ryanmcdermott/clean-code-javascript/comments{/number},https://api.github.com/repos/ryanmcdermott/clean-code-javascript/issues/comments{/number},https://api.github.com/repos/ryanmcdermott/clean-code-javascript/contents/{+path},https://api.github.com/repos/ryanmcdermott/clean-code-javascript/compare/{base}...{head},https://api.github.com/repos/ryanmcdermott/clean-code-javascript/merges,https://api.github.com/repos/ryanmcdermott/clean-code-javascript/{archive_format}{/ref},https://api.github.com/repos/ryanmcdermott/clean-code-javascript/downloads,https://api.github.com/repos/ryanmcdermott/clean-code-javascript/issues{/number},https://api.github.com/repos/ryanmcdermott/clean-code-javascript/pulls{/number},https://api.github.com/repos/ryanmcdermott/clean-code-javascript/milestones{/number},"https://api.github.com/repos/ryanmcdermott/clean-code-javascript/notifications{?since,all,participating}",https://api.github.com/repos/ryanmcdermott/clean-code-javascript/labels{/name},https://api.github.com/repos/ryanmcdermott/clean-code-javascript/releases{/id},https://api.github.com/repos/ryanmcdermott/clean-code-javascript/deployments,git://github.com/ryanmcdermott/clean-code-javascript.git,git@github.com:ryanmcdermott/clean-code-javascript.git,https://github.com/ryanmcdermott/clean-code-javascript.git,https://github.com/ryanmcdermott/clean-code-javascript,NA,https://api.github.com/licenses/mit
26971815,MDEwOlJlcG9zaXRvcnkyNjk3MTgxNQ==,wego,schachmat/wego,FALSE,schachmat,2626530,weather app for the terminal,FALSE,https://api.github.com/repos/schachmat/wego,2014-11-21T18:09:53Z,2021-04-27T21:45:11Z,2021-04-02T23:57:26Z,,200,6700,6700,Go,TRUE,TRUE,TRUE,TRUE,TRUE,428,FALSE,FALSE,40,isc,ISC License,ISC,MDc6TGljZW5zZTEw,428,40,6700,master,FALSE,FALSE,TRUE,,428,185,https://github.com/schachmat/wego,https://api.github.com/repos/schachmat/wego/forks,https://api.github.com/repos/schachmat/wego/keys{/key_id},https://api.github.com/repos/schachmat/wego/collaborators{/collaborator},https://api.github.com/repos/schachmat/wego/teams,https://api.github.com/repos/schachmat/wego/hooks,https://api.github.com/repos/schachmat/wego/issues/events{/number},https://api.github.com/repos/schachmat/wego/events,https://api.github.com/repos/schachmat/wego/assignees{/user},https://api.github.com/repos/schachmat/wego/branches{/branch},https://api.github.com/repos/schachmat/wego/tags,https://api.github.com/repos/schachmat/wego/git/blobs{/sha},https://api.github.com/repos/schachmat/wego/git/tags{/sha},https://api.github.com/repos/schachmat/wego/git/refs{/sha},https://api.github.com/repos/schachmat/wego/git/trees{/sha},https://api.github.com/repos/schachmat/wego/statuses/{sha},https://api.github.com/repos/schachmat/wego/languages,https://api.github.com/repos/schachmat/wego/stargazers,https://api.github.com/repos/schachmat/wego/contributors,https://api.github.com/repos/schachmat/wego/subscribers,https://api.github.com/repos/schachmat/wego/subscription,https://api.github.com/repos/schachmat/wego/commits{/sha},https://api.github.com/repos/schachmat/wego/git/commits{/sha},https://api.github.com/repos/schachmat/wego/comments{/number},https://api.github.com/repos/schachmat/wego/issues/comments{/number},https://api.github.com/repos/schachmat/wego/contents/{+path},https://api.github.com/repos/schachmat/wego/compare/{base}...{head},https://api.github.com/repos/schachmat/wego/merges,https://api.github.com/repos/schachmat/wego/{archive_format}{/ref},https://api.github.com/repos/schachmat/wego/downloads,https://api.github.com/repos/schachmat/wego/issues{/number},https://api.github.com/repos/schachmat/wego/pulls{/number},https://api.github.com/repos/schachmat/wego/milestones{/number},"https://api.github.com/repos/schachmat/wego/notifications{?since,all,participating}",https://api.github.com/repos/schachmat/wego/labels{/name},https://api.github.com/repos/schachmat/wego/releases{/id},https://api.github.com/repos/schachmat/wego/deployments,git://github.com/schachmat/wego.git,git@github.com:schachmat/wego.git,https://github.com/schachmat/wego.git,https://github.com/schachmat/wego,NA,https://api.github.com/licenses/isc
3518171,MDEwOlJlcG9zaXRvcnkzNTE4MTcx,Jnario,sebastianbenz/Jnario,FALSE,sebastianbenz,380472,Executable specifications for Java,FALSE,https://api.github.com/repos/sebastianbenz/Jnario,2012-02-22T19:39:37Z,2020-12-01T02:31:16Z,2020-10-13T10:39:14Z,jnario.org,432326,133,133,Java,TRUE,TRUE,TRUE,TRUE,TRUE,37,FALSE,FALSE,34,NA,NA,NA,NA,37,34,133,master,FALSE,FALSE,TRUE,,37,19,https://github.com/sebastianbenz/Jnario,https://api.github.com/repos/sebastianbenz/Jnario/forks,https://api.github.com/repos/sebastianbenz/Jnario/keys{/key_id},https://api.github.com/repos/sebastianbenz/Jnario/collaborators{/collaborator},https://api.github.com/repos/sebastianbenz/Jnario/teams,https://api.github.com/repos/sebastianbenz/Jnario/hooks,https://api.github.com/repos/sebastianbenz/Jnario/issues/events{/number},https://api.github.com/repos/sebastianbenz/Jnario/events,https://api.github.com/repos/sebastianbenz/Jnario/assignees{/user},https://api.github.com/repos/sebastianbenz/Jnario/branches{/branch},https://api.github.com/repos/sebastianbenz/Jnario/tags,https://api.github.com/repos/sebastianbenz/Jnario/git/blobs{/sha},https://api.github.com/repos/sebastianbenz/Jnario/git/tags{/sha},https://api.github.com/repos/sebastianbenz/Jnario/git/refs{/sha},https://api.github.com/repos/sebastianbenz/Jnario/git/trees{/sha},https://api.github.com/repos/sebastianbenz/Jnario/statuses/{sha},https://api.github.com/repos/sebastianbenz/Jnario/languages,https://api.github.com/repos/sebastianbenz/Jnario/stargazers,https://api.github.com/repos/sebastianbenz/Jnario/contributors,https://api.github.com/repos/sebastianbenz/Jnario/subscribers,https://api.github.com/repos/sebastianbenz/Jnario/subscription,https://api.github.com/repos/sebastianbenz/Jnario/commits{/sha},https://api.github.com/repos/sebastianbenz/Jnario/git/commits{/sha},https://api.github.com/repos/sebastianbenz/Jnario/comments{/number},https://api.github.com/repos/sebastianbenz/Jnario/issues/comments{/number},https://api.github.com/repos/sebastianbenz/Jnario/contents/{+path},https://api.github.com/repos/sebastianbenz/Jnario/compare/{base}...{head},https://api.github.com/repos/sebastianbenz/Jnario/merges,https://api.github.com/repos/sebastianbenz/Jnario/{archive_format}{/ref},https://api.github.com/repos/sebastianbenz/Jnario/downloads,https://api.github.com/repos/sebastianbenz/Jnario/issues{/number},https://api.github.com/repos/sebastianbenz/Jnario/pulls{/number},https://api.github.com/repos/sebastianbenz/Jnario/milestones{/number},"https://api.github.com/repos/sebastianbenz/Jnario/notifications{?since,all,participating}",https://api.github.com/repos/sebastianbenz/Jnario/labels{/name},https://api.github.com/repos/sebastianbenz/Jnario/releases{/id},https://api.github.com/repos/sebastianbenz/Jnario/deployments,git://github.com/sebastianbenz/Jnario.git,git@github.com:sebastianbenz/Jnario.git,https://github.com/sebastianbenz/Jnario.git,https://github.com/sebastianbenz/Jnario,NA,NA
1456576,MDEwOlJlcG9zaXRvcnkxNDU2NTc2,eclipse-task-editor,sebastianbenz/eclipse-task-editor,FALSE,sebastianbenz,380472,A simple textual todo manager for Eclipse.,FALSE,https://api.github.com/repos/sebastianbenz/eclipse-task-editor,2011-03-08T21:47:57Z,2020-12-01T01:53:53Z,2014-06-12T22:52:46Z,,108138,44,44,Java,TRUE,TRUE,TRUE,TRUE,TRUE,10,FALSE,FALSE,10,NA,NA,NA,NA,10,10,44,master,FALSE,FALSE,TRUE,,10,5,https://github.com/sebastianbenz/eclipse-task-editor,https://api.github.com/repos/sebastianbenz/eclipse-task-editor/forks,https://api.github.com/repos/sebastianbenz/eclipse-task-editor/keys{/key_id},https://api.github.com/repos/sebastianbenz/eclipse-task-editor/collaborators{/collaborator},https://api.github.com/repos/sebastianbenz/eclipse-task-editor/teams,https://api.github.com/repos/sebastianbenz/eclipse-task-editor/hooks,https://api.github.com/repos/sebastianbenz/eclipse-task-editor/issues/events{/number},https://api.github.com/repos/sebastianbenz/eclipse-task-editor/events,https://api.github.com/repos/sebastianbenz/eclipse-task-editor/assignees{/user},https://api.github.com/repos/sebastianbenz/eclipse-task-editor/branches{/branch},https://api.github.com/repos/sebastianbenz/eclipse-task-editor/tags,https://api.github.com/repos/sebastianbenz/eclipse-task-editor/git/blobs{/sha},https://api.github.com/repos/sebastianbenz/eclipse-task-editor/git/tags{/sha},https://api.github.com/repos/sebastianbenz/eclipse-task-editor/git/refs{/sha},https://api.github.com/repos/sebastianbenz/eclipse-task-editor/git/trees{/sha},https://api.github.com/repos/sebastianbenz/eclipse-task-editor/statuses/{sha},https://api.github.com/repos/sebastianbenz/eclipse-task-editor/languages,https://api.github.com/repos/sebastianbenz/eclipse-task-editor/stargazers,https://api.github.com/repos/sebastianbenz/eclipse-task-editor/contributors,https://api.github.com/repos/sebastianbenz/eclipse-task-editor/subscribers,https://api.github.com/repos/sebastianbenz/eclipse-task-editor/subscription,https://api.github.com/repos/sebastianbenz/eclipse-task-editor/commits{/sha},https://api.github.com/repos/sebastianbenz/eclipse-task-editor/git/commits{/sha},https://api.github.com/repos/sebastianbenz/eclipse-task-editor/comments{/number},https://api.github.com/repos/sebastianbenz/eclipse-task-editor/issues/comments{/number},https://api.github.com/repos/sebastianbenz/eclipse-task-editor/contents/{+path},https://api.github.com/repos/sebastianbenz/eclipse-task-editor/compare/{base}...{head},https://api.github.com/repos/sebastianbenz/eclipse-task-editor/merges,https://api.github.com/repos/sebastianbenz/eclipse-task-editor/{archive_format}{/ref},https://api.github.com/repos/sebastianbenz/eclipse-task-editor/downloads,https://api.github.com/repos/sebastianbenz/eclipse-task-editor/issues{/number},https://api.github.com/repos/sebastianbenz/eclipse-task-editor/pulls{/number},https://api.github.com/repos/sebastianbenz/eclipse-task-editor/milestones{/number},"https://api.github.com/repos/sebastianbenz/eclipse-task-editor/notifications{?since,all,participating}",https://api.github.com/repos/sebastianbenz/eclipse-task-editor/labels{/name},https://api.github.com/repos/sebastianbenz/eclipse-task-editor/releases{/id},https://api.github.com/repos/sebastianbenz/eclipse-task-editor/deployments,git://github.com/sebastianbenz/eclipse-task-editor.git,git@github.com:sebastianbenz/eclipse-task-editor.git,https://github.com/sebastianbenz/eclipse-task-editor.git,https://github.com/sebastianbenz/eclipse-task-editor,NA,NA
7113762,MDEwOlJlcG9zaXRvcnk3MTEzNzYy,Promises,slightlyoff/Promises,FALSE,slightlyoff,97331,DOM Promises IDL/polyfill,FALSE,https://api.github.com/repos/slightlyoff/Promises,2012-12-11T15:08:39Z,2021-01-19T06:51:08Z,2013-11-09T13:30:36Z,NA,582,154,154,JavaScript,TRUE,TRUE,TRUE,TRUE,FALSE,26,FALSE,FALSE,20,apache-2.0,Apache License 2.0,Apache-2.0,MDc6TGljZW5zZTI=,26,20,154,master,FALSE,FALSE,TRUE,,26,21,https://github.com/slightlyoff/Promises,https://api.github.com/repos/slightlyoff/Promises/forks,https://api.github.com/repos/slightlyoff/Promises/keys{/key_id},https://api.github.com/repos/slightlyoff/Promises/collaborators{/collaborator},https://api.github.com/repos/slightlyoff/Promises/teams,https://api.github.com/repos/slightlyoff/Promises/hooks,https://api.github.com/repos/slightlyoff/Promises/issues/events{/number},https://api.github.com/repos/slightlyoff/Promises/events,https://api.github.com/repos/slightlyoff/Promises/assignees{/user},https://api.github.com/repos/slightlyoff/Promises/branches{/branch},https://api.github.com/repos/slightlyoff/Promises/tags,https://api.github.com/repos/slightlyoff/Promises/git/blobs{/sha},https://api.github.com/repos/slightlyoff/Promises/git/tags{/sha},https://api.github.com/repos/slightlyoff/Promises/git/refs{/sha},https://api.github.com/repos/slightlyoff/Promises/git/trees{/sha},https://api.github.com/repos/slightlyoff/Promises/statuses/{sha},https://api.github.com/repos/slightlyoff/Promises/languages,https://api.github.com/repos/slightlyoff/Promises/stargazers,https://api.github.com/repos/slightlyoff/Promises/contributors,https://api.github.com/repos/slightlyoff/Promises/subscribers,https://api.github.com/repos/slightlyoff/Promises/subscription,https://api.github.com/repos/slightlyoff/Promises/commits{/sha},https://api.github.com/repos/slightlyoff/Promises/git/commits{/sha},https://api.github.com/repos/slightlyoff/Promises/comments{/number},https://api.github.com/repos/slightlyoff/Promises/issues/comments{/number},https://api.github.com/repos/slightlyoff/Promises/contents/{+path},https://api.github.com/repos/slightlyoff/Promises/compare/{base}...{head},https://api.github.com/repos/slightlyoff/Promises/merges,https://api.github.com/repos/slightlyoff/Promises/{archive_format}{/ref},https://api.github.com/repos/slightlyoff/Promises/downloads,https://api.github.com/repos/slightlyoff/Promises/issues{/number},https://api.github.com/repos/slightlyoff/Promises/pulls{/number},https://api.github.com/repos/slightlyoff/Promises/milestones{/number},"https://api.github.com/repos/slightlyoff/Promises/notifications{?since,all,participating}",https://api.github.com/repos/slightlyoff/Promises/labels{/name},https://api.github.com/repos/slightlyoff/Promises/releases{/id},https://api.github.com/repos/slightlyoff/Promises/deployments,git://github.com/slightlyoff/Promises.git,git@github.com:slightlyoff/Promises.git,https://github.com/slightlyoff/Promises.git,https://github.com/slightlyoff/Promises,NA,https://api.github.com/licenses/apache-2.0
854078,MDEwOlJlcG9zaXRvcnk4NTQwNzg=,cartridge,stephenmcd/cartridge,FALSE,stephenmcd,116385,Ecommerce for Mezzanine,FALSE,https://api.github.com/repos/stephenmcd/cartridge,2010-08-22T00:36:43Z,2021-04-27T17:25:01Z,2020-10-01T18:24:23Z,http://cartridge.jupo.org,46627,629,629,Python,TRUE,TRUE,TRUE,TRUE,FALSE,288,FALSE,FALSE,34,bsd-2-clause,"BSD 2-Clause ""Simplified"" License",BSD-2-Clause,MDc6TGljZW5zZTQ=,288,34,629,master,FALSE,FALSE,TRUE,,288,56,https://github.com/stephenmcd/cartridge,https://api.github.com/repos/stephenmcd/cartridge/forks,https://api.github.com/repos/stephenmcd/cartridge/keys{/key_id},https://api.github.com/repos/stephenmcd/cartridge/collaborators{/collaborator},https://api.github.com/repos/stephenmcd/cartridge/teams,https://api.github.com/repos/stephenmcd/cartridge/hooks,https://api.github.com/repos/stephenmcd/cartridge/issues/events{/number},https://api.github.com/repos/stephenmcd/cartridge/events,https://api.github.com/repos/stephenmcd/cartridge/assignees{/user},https://api.github.com/repos/stephenmcd/cartridge/branches{/branch},https://api.github.com/repos/stephenmcd/cartridge/tags,https://api.github.com/repos/stephenmcd/cartridge/git/blobs{/sha},https://api.github.com/repos/stephenmcd/cartridge/git/tags{/sha},https://api.github.com/repos/stephenmcd/cartridge/git/refs{/sha},https://api.github.com/repos/stephenmcd/cartridge/git/trees{/sha},https://api.github.com/repos/stephenmcd/cartridge/statuses/{sha},https://api.github.com/repos/stephenmcd/cartridge/languages,https://api.github.com/repos/stephenmcd/cartridge/stargazers,https://api.github.com/repos/stephenmcd/cartridge/contributors,https://api.github.com/repos/stephenmcd/cartridge/subscribers,https://api.github.com/repos/stephenmcd/cartridge/subscription,https://api.github.com/repos/stephenmcd/cartridge/commits{/sha},https://api.github.com/repos/stephenmcd/cartridge/git/commits{/sha},https://api.github.com/repos/stephenmcd/cartridge/comments{/number},https://api.github.com/repos/stephenmcd/cartridge/issues/comments{/number},https://api.github.com/repos/stephenmcd/cartridge/contents/{+path},https://api.github.com/repos/stephenmcd/cartridge/compare/{base}...{head},https://api.github.com/repos/stephenmcd/cartridge/merges,https://api.github.com/repos/stephenmcd/cartridge/{archive_format}{/ref},https://api.github.com/repos/stephenmcd/cartridge/downloads,https://api.github.com/repos/stephenmcd/cartridge/issues{/number},https://api.github.com/repos/stephenmcd/cartridge/pulls{/number},https://api.github.com/repos/stephenmcd/cartridge/milestones{/number},"https://api.github.com/repos/stephenmcd/cartridge/notifications{?since,all,participating}",https://api.github.com/repos/stephenmcd/cartridge/labels{/name},https://api.github.com/repos/stephenmcd/cartridge/releases{/id},https://api.github.com/repos/stephenmcd/cartridge/deployments,git://github.com/stephenmcd/cartridge.git,git@github.com:stephenmcd/cartridge.git,https://github.com/stephenmcd/cartridge.git,https://github.com/stephenmcd/cartridge,NA,https://api.github.com/licenses/bsd-2-clause
692529,MDEwOlJlcG9zaXRvcnk2OTI1Mjk=,django-forms-builder,stephenmcd/django-forms-builder,FALSE,stephenmcd,116385,Let users build forms in Django admin,FALSE,https://api.github.com/repos/stephenmcd/django-forms-builder,2010-05-29T12:17:24Z,2021-04-10T10:56:42Z,2021-04-19T05:06:30Z,,687,620,620,Python,TRUE,TRUE,FALSE,FALSE,FALSE,264,FALSE,FALSE,28,bsd-2-clause,"BSD 2-Clause ""Simplified"" License",BSD-2-Clause,MDc6TGljZW5zZTQ=,264,28,620,master,FALSE,FALSE,TRUE,,264,28,https://github.com/stephenmcd/django-forms-builder,https://api.github.com/repos/stephenmcd/django-forms-builder/forks,https://api.github.com/repos/stephenmcd/django-forms-builder/keys{/key_id},https://api.github.com/repos/stephenmcd/django-forms-builder/collaborators{/collaborator},https://api.github.com/repos/stephenmcd/django-forms-builder/teams,https://api.github.com/repos/stephenmcd/django-forms-builder/hooks,https://api.github.com/repos/stephenmcd/django-forms-builder/issues/events{/number},https://api.github.com/repos/stephenmcd/django-forms-builder/events,https://api.github.com/repos/stephenmcd/django-forms-builder/assignees{/user},https://api.github.com/repos/stephenmcd/django-forms-builder/branches{/branch},https://api.github.com/repos/stephenmcd/django-forms-builder/tags,https://api.github.com/repos/stephenmcd/django-forms-builder/git/blobs{/sha},https://api.github.com/repos/stephenmcd/django-forms-builder/git/tags{/sha},https://api.github.com/repos/stephenmcd/django-forms-builder/git/refs{/sha},https://api.github.com/repos/stephenmcd/django-forms-builder/git/trees{/sha},https://api.github.com/repos/stephenmcd/django-forms-builder/statuses/{sha},https://api.github.com/repos/stephenmcd/django-forms-builder/languages,https://api.github.com/repos/stephenmcd/django-forms-builder/stargazers,https://api.github.com/repos/stephenmcd/django-forms-builder/contributors,https://api.github.com/repos/stephenmcd/django-forms-builder/subscribers,https://api.github.com/repos/stephenmcd/django-forms-builder/subscription,https://api.github.com/repos/stephenmcd/django-forms-builder/commits{/sha},https://api.github.com/repos/stephenmcd/django-forms-builder/git/commits{/sha},https://api.github.com/repos/stephenmcd/django-forms-builder/comments{/number},https://api.github.com/repos/stephenmcd/django-forms-builder/issues/comments{/number},https://api.github.com/repos/stephenmcd/django-forms-builder/contents/{+path},https://api.github.com/repos/stephenmcd/django-forms-builder/compare/{base}...{head},https://api.github.com/repos/stephenmcd/django-forms-builder/merges,https://api.github.com/repos/stephenmcd/django-forms-builder/{archive_format}{/ref},https://api.github.com/repos/stephenmcd/django-forms-builder/downloads,https://api.github.com/repos/stephenmcd/django-forms-builder/issues{/number},https://api.github.com/repos/stephenmcd/django-forms-builder/pulls{/number},https://api.github.com/repos/stephenmcd/django-forms-builder/milestones{/number},"https://api.github.com/repos/stephenmcd/django-forms-builder/notifications{?since,all,participating}",https://api.github.com/repos/stephenmcd/django-forms-builder/labels{/name},https://api.github.com/repos/stephenmcd/django-forms-builder/releases{/id},https://api.github.com/repos/stephenmcd/django-forms-builder/deployments,git://github.com/stephenmcd/django-forms-builder.git,git@github.com:stephenmcd/django-forms-builder.git,https://github.com/stephenmcd/django-forms-builder.git,https://github.com/stephenmcd/django-forms-builder,NA,https://api.github.com/licenses/bsd-2-clause
2139136,MDEwOlJlcG9zaXRvcnkyMTM5MTM2,django-socketio,stephenmcd/django-socketio,FALSE,stephenmcd,116385,WebSockets for Django,FALSE,https://api.github.com/repos/stephenmcd/django-socketio,2011-08-01T21:18:34Z,2021-04-27T18:05:55Z,2018-11-04T22:44:43Z,,198,1275,1275,Python,TRUE,TRUE,TRUE,TRUE,FALSE,252,FALSE,FALSE,30,bsd-2-clause,"BSD 2-Clause ""Simplified"" License",BSD-2-Clause,MDc6TGljZW5zZTQ=,252,30,1275,master,FALSE,FALSE,TRUE,,252,66,https://github.com/stephenmcd/django-socketio,https://api.github.com/repos/stephenmcd/django-socketio/forks,https://api.github.com/repos/stephenmcd/django-socketio/keys{/key_id},https://api.github.com/repos/stephenmcd/django-socketio/collaborators{/collaborator},https://api.github.com/repos/stephenmcd/django-socketio/teams,https://api.github.com/repos/stephenmcd/django-socketio/hooks,https://api.github.com/repos/stephenmcd/django-socketio/issues/events{/number},https://api.github.com/repos/stephenmcd/django-socketio/events,https://api.github.com/repos/stephenmcd/django-socketio/assignees{/user},https://api.github.com/repos/stephenmcd/django-socketio/branches{/branch},https://api.github.com/repos/stephenmcd/django-socketio/tags,https://api.github.com/repos/stephenmcd/django-socketio/git/blobs{/sha},https://api.github.com/repos/stephenmcd/django-socketio/git/tags{/sha},https://api.github.com/repos/stephenmcd/django-socketio/git/refs{/sha},https://api.github.com/repos/stephenmcd/django-socketio/git/trees{/sha},https://api.github.com/repos/stephenmcd/django-socketio/statuses/{sha},https://api.github.com/repos/stephenmcd/django-socketio/languages,https://api.github.com/repos/stephenmcd/django-socketio/stargazers,https://api.github.com/repos/stephenmcd/django-socketio/contributors,https://api.github.com/repos/stephenmcd/django-socketio/subscribers,https://api.github.com/repos/stephenmcd/django-socketio/subscription,https://api.github.com/repos/stephenmcd/django-socketio/commits{/sha},https://api.github.com/repos/stephenmcd/django-socketio/git/commits{/sha},https://api.github.com/repos/stephenmcd/django-socketio/comments{/number},https://api.github.com/repos/stephenmcd/django-socketio/issues/comments{/number},https://api.github.com/repos/stephenmcd/django-socketio/contents/{+path},https://api.github.com/repos/stephenmcd/django-socketio/compare/{base}...{head},https://api.github.com/repos/stephenmcd/django-socketio/merges,https://api.github.com/repos/stephenmcd/django-socketio/{archive_format}{/ref},https://api.github.com/repos/stephenmcd/django-socketio/downloads,https://api.github.com/repos/stephenmcd/django-socketio/issues{/number},https://api.github.com/repos/stephenmcd/django-socketio/pulls{/number},https://api.github.com/repos/stephenmcd/django-socketio/milestones{/number},"https://api.github.com/repos/stephenmcd/django-socketio/notifications{?since,all,participating}",https://api.github.com/repos/stephenmcd/django-socketio/labels{/name},https://api.github.com/repos/stephenmcd/django-socketio/releases{/id},https://api.github.com/repos/stephenmcd/django-socketio/deployments,git://github.com/stephenmcd/django-socketio.git,git@github.com:stephenmcd/django-socketio.git,https://github.com/stephenmcd/django-socketio.git,https://github.com/stephenmcd/django-socketio,NA,https://api.github.com/licenses/bsd-2-clause
692528,MDEwOlJlcG9zaXRvcnk2OTI1Mjg=,mezzanine,stephenmcd/mezzanine,FALSE,stephenmcd,116385,CMS framework for Django,FALSE,https://api.github.com/repos/stephenmcd/mezzanine,2010-05-29T12:16:55Z,2021-04-27T05:48:33Z,2021-04-13T20:03:34Z,http://mezzanine.jupo.org,49605,4257,4257,Python,TRUE,TRUE,FALSE,TRUE,FALSE,1512,FALSE,FALSE,88,bsd-2-clause,"BSD 2-Clause ""Simplified"" License",BSD-2-Clause,MDc6TGljZW5zZTQ=,1512,88,4257,master,FALSE,FALSE,TRUE,,1512,266,https://github.com/stephenmcd/mezzanine,https://api.github.com/repos/stephenmcd/mezzanine/forks,https://api.github.com/repos/stephenmcd/mezzanine/keys{/key_id},https://api.github.com/repos/stephenmcd/mezzanine/collaborators{/collaborator},https://api.github.com/repos/stephenmcd/mezzanine/teams,https://api.github.com/repos/stephenmcd/mezzanine/hooks,https://api.github.com/repos/stephenmcd/mezzanine/issues/events{/number},https://api.github.com/repos/stephenmcd/mezzanine/events,https://api.github.com/repos/stephenmcd/mezzanine/assignees{/user},https://api.github.com/repos/stephenmcd/mezzanine/branches{/branch},https://api.github.com/repos/stephenmcd/mezzanine/tags,https://api.github.com/repos/stephenmcd/mezzanine/git/blobs{/sha},https://api.github.com/repos/stephenmcd/mezzanine/git/tags{/sha},https://api.github.com/repos/stephenmcd/mezzanine/git/refs{/sha},https://api.github.com/repos/stephenmcd/mezzanine/git/trees{/sha},https://api.github.com/repos/stephenmcd/mezzanine/statuses/{sha},https://api.github.com/repos/stephenmcd/mezzanine/languages,https://api.github.com/repos/stephenmcd/mezzanine/stargazers,https://api.github.com/repos/stephenmcd/mezzanine/contributors,https://api.github.com/repos/stephenmcd/mezzanine/subscribers,https://api.github.com/repos/stephenmcd/mezzanine/subscription,https://api.github.com/repos/stephenmcd/mezzanine/commits{/sha},https://api.github.com/repos/stephenmcd/mezzanine/git/commits{/sha},https://api.github.com/repos/stephenmcd/mezzanine/comments{/number},https://api.github.com/repos/stephenmcd/mezzanine/issues/comments{/number},https://api.github.com/repos/stephenmcd/mezzanine/contents/{+path},https://api.github.com/repos/stephenmcd/mezzanine/compare/{base}...{head},https://api.github.com/repos/stephenmcd/mezzanine/merges,https://api.github.com/repos/stephenmcd/mezzanine/{archive_format}{/ref},https://api.github.com/repos/stephenmcd/mezzanine/downloads,https://api.github.com/repos/stephenmcd/mezzanine/issues{/number},https://api.github.com/repos/stephenmcd/mezzanine/pulls{/number},https://api.github.com/repos/stephenmcd/mezzanine/milestones{/number},"https://api.github.com/repos/stephenmcd/mezzanine/notifications{?since,all,participating}",https://api.github.com/repos/stephenmcd/mezzanine/labels{/name},https://api.github.com/repos/stephenmcd/mezzanine/releases{/id},https://api.github.com/repos/stephenmcd/mezzanine/deployments,git://github.com/stephenmcd/mezzanine.git,git@github.com:stephenmcd/mezzanine.git,https://github.com/stephenmcd/mezzanine.git,https://github.com/stephenmcd/mezzanine,NA,https://api.github.com/licenses/bsd-2-clause
